-- --------------------------------------------------------
-- 호스트:                          3.38.97.82
-- 서버 버전:                        10.3.34-MariaDB-0ubuntu0.20.04.1 - Ubuntu 20.04
-- 서버 OS:                        debian-linux-gnu
-- HeidiSQL 버전:                  11.3.0.6295
-- --------------------------------------------------------

/*!40101 SET @OLD_CHARACTER_SET_CLIENT=@@CHARACTER_SET_CLIENT */;
/*!40101 SET NAMES utf8 */;
/*!50503 SET NAMES utf8mb4 */;
/*!40014 SET @OLD_FOREIGN_KEY_CHECKS=@@FOREIGN_KEY_CHECKS, FOREIGN_KEY_CHECKS=0 */;
/*!40101 SET @OLD_SQL_MODE=@@SQL_MODE, SQL_MODE='NO_AUTO_VALUE_ON_ZERO' */;
/*!40111 SET @OLD_SQL_NOTES=@@SQL_NOTES, SQL_NOTES=0 */;


-- docong_test_v3 데이터베이스 구조 내보내기
CREATE DATABASE IF NOT EXISTS `docong_test_v3` /*!40100 DEFAULT CHARACTER SET utf8mb4 */;
USE `docong_test_v3`;

-- 테이블 docong_test_v3.hibernate_sequence 구조 내보내기
CREATE TABLE IF NOT EXISTS `hibernate_sequence` (
  `next_val` bigint(20) DEFAULT NULL
) ENGINE=InnoDB DEFAULT CHARSET=utf8mb4;

-- 테이블 데이터 docong_test_v3.hibernate_sequence:~254 rows (대략적) 내보내기
/*!40000 ALTER TABLE `hibernate_sequence` DISABLE KEYS */;
INSERT INTO `hibernate_sequence` (`next_val`) VALUES
	(950),
	(950),
	(950),
	(950),
	(1),
	(1),
	(1),
	(1),
	(1),
	(1),
	(1),
	(1),
	(1),
	(1),
	(1),
	(1),
	(1),
	(1),
	(1),
	(1),
	(1),
	(1),
	(1),
	(1),
	(1),
	(1),
	(1),
	(1),
	(1),
	(1),
	(1),
	(1),
	(1),
	(1),
	(1),
	(1),
	(1),
	(1),
	(1),
	(1),
	(1),
	(1),
	(1),
	(1),
	(1),
	(1),
	(1),
	(1),
	(1),
	(1),
	(1),
	(1),
	(1),
	(1),
	(1),
	(1),
	(1),
	(1),
	(1),
	(1),
	(1),
	(1),
	(1),
	(1),
	(1),
	(1),
	(1),
	(1),
	(1),
	(1),
	(1),
	(1),
	(1),
	(1),
	(1),
	(1),
	(1),
	(1),
	(1),
	(1),
	(1),
	(1),
	(1),
	(1),
	(1),
	(1),
	(1),
	(1),
	(1),
	(1),
	(1),
	(1),
	(1),
	(1),
	(1),
	(1),
	(1),
	(1),
	(1),
	(1),
	(1),
	(1),
	(1),
	(1),
	(1),
	(1),
	(1),
	(1),
	(1),
	(1),
	(1),
	(1),
	(1),
	(1),
	(1),
	(1),
	(1),
	(1),
	(1),
	(1),
	(1),
	(1),
	(1),
	(1),
	(1),
	(1),
	(1),
	(1),
	(1),
	(1),
	(1),
	(1),
	(1),
	(1),
	(1),
	(1),
	(1),
	(1),
	(1),
	(1),
	(1),
	(1),
	(1),
	(1),
	(1),
	(1),
	(1),
	(1),
	(1),
	(1),
	(1),
	(1),
	(1),
	(1),
	(1),
	(1),
	(1),
	(1),
	(1),
	(1),
	(1),
	(1),
	(1),
	(1),
	(1),
	(1),
	(1),
	(1),
	(1),
	(1),
	(1),
	(1),
	(1),
	(1),
	(1),
	(1),
	(1),
	(1),
	(1),
	(1),
	(1),
	(1),
	(1),
	(1),
	(1),
	(1),
	(1),
	(1),
	(1),
	(1),
	(1),
	(1),
	(1),
	(1),
	(1),
	(1),
	(1),
	(1),
	(1),
	(1),
	(1),
	(1),
	(1),
	(1),
	(1),
	(1),
	(1),
	(1),
	(1),
	(1),
	(1),
	(1),
	(1),
	(1),
	(1),
	(1),
	(1),
	(1),
	(1),
	(1),
	(1),
	(1),
	(1),
	(1),
	(1),
	(1),
	(1),
	(1),
	(1),
	(1),
	(1),
	(1),
	(1),
	(1),
	(1),
	(1),
	(1),
	(1),
	(1),
	(1),
	(1),
	(1),
	(1),
	(1),
	(1),
	(1),
	(1),
	(1),
	(1),
	(1),
	(1),
	(1),
	(1),
	(1),
	(1),
	(1),
	(1),
	(1),
	(1),
	(1),
	(1),
	(1),
	(1),
	(1),
	(1),
	(1),
	(1),
	(1),
	(1),
	(1),
	(1),
	(1),
	(1),
	(1),
	(1),
	(1),
	(1),
	(1),
	(1),
	(1),
	(1),
	(1),
	(1),
	(1),
	(1),
	(1),
	(1),
	(1),
	(1),
	(1),
	(1),
	(1),
	(1),
	(1),
	(1),
	(1),
	(1),
	(1),
	(1),
	(1),
	(1),
	(1);
/*!40000 ALTER TABLE `hibernate_sequence` ENABLE KEYS */;

-- 테이블 docong_test_v3.pomodoro 구조 내보내기
CREATE TABLE IF NOT EXISTS `pomodoro` (
  `seq` bigint(20) NOT NULL,
  `created_date` datetime DEFAULT NULL,
  `modified_date` datetime DEFAULT NULL,
  `end_time` datetime DEFAULT NULL,
  `noise` varchar(255) DEFAULT NULL,
  `other_time` int(11) DEFAULT NULL,
  `start_time` datetime DEFAULT NULL,
  `time_status` varchar(255) DEFAULT NULL,
  `todo_seq` bigint(20) DEFAULT NULL,
  `user_seq` bigint(20) DEFAULT NULL,
  PRIMARY KEY (`seq`),
  KEY `FKsppc715dl9hlvwxiwkh9m1nbs` (`todo_seq`),
  KEY `FKikx7n19bwq3dc580t0fwwiiaw` (`user_seq`),
  CONSTRAINT `FKikx7n19bwq3dc580t0fwwiiaw` FOREIGN KEY (`user_seq`) REFERENCES `user` (`seq`),
  CONSTRAINT `FKsppc715dl9hlvwxiwkh9m1nbs` FOREIGN KEY (`todo_seq`) REFERENCES `todo` (`seq`)
) ENGINE=InnoDB DEFAULT CHARSET=utf8mb4;

-- 테이블 데이터 docong_test_v3.pomodoro:~489 rows (대략적) 내보내기
/*!40000 ALTER TABLE `pomodoro` DISABLE KEYS */;
INSERT INTO `pomodoro` (`seq`, `created_date`, `modified_date`, `end_time`, `noise`, `other_time`, `start_time`, `time_status`, `todo_seq`, `user_seq`) VALUES
	(49, '2022-03-29 05:56:36', '2022-03-29 05:56:36', '2022-03-29 14:56:36', 'COMMON', 0, '2022-03-29 14:41:36', 'SHORT', NULL, 7),
	(52, '2022-03-29 06:04:45', '2022-03-29 06:04:45', '2022-03-29 15:04:47', 'COMMON', 0, '2022-03-29 14:49:47', 'SHORT', 33, 25),
	(53, '2022-03-29 06:05:56', '2022-03-29 06:05:56', '2022-03-29 15:05:56', 'COMMON', 0, '2022-03-29 14:40:56', 'BASIC', NULL, 32),
	(54, '2022-03-29 06:06:39', '2022-03-29 06:06:39', '2022-03-29 15:06:38', 'COMMON', 0, '2022-03-29 14:51:38', 'SHORT', NULL, 33),
	(55, '2022-03-29 06:09:00', '2022-03-29 06:09:00', '2022-03-29 15:09:01', 'COMMON', 0, '2022-03-29 14:54:01', 'SHORT', 7, 6),
	(58, '2022-03-29 06:15:48', '2022-03-29 06:15:48', '2022-03-29 15:15:50', 'COMMON', 0, '2022-03-29 14:50:50', 'BASIC', NULL, 26),
	(59, '2022-03-29 06:19:55', '2022-03-29 06:19:55', '2022-03-29 15:19:54', 'COMMON', 0, '2022-03-29 14:54:54', 'BASIC', NULL, 18),
	(60, '2022-03-29 06:21:15', '2022-03-29 06:21:15', '2022-03-29 15:21:13', 'COMMON', 0, '2022-03-29 15:06:13', 'SHORT', NULL, 48),
	(61, '2022-03-29 06:22:41', '2022-03-29 06:22:41', '2022-03-29 15:22:40', 'COMMON', 0, '2022-03-29 14:57:40', 'BASIC', 23, 28),
	(70, '2022-03-29 06:28:01', '2022-03-29 06:28:01', '2022-03-29 15:28:02', 'COMMON', 0, '2022-03-29 15:13:02', 'SHORT', 33, 25),
	(79, '2022-03-29 06:47:13', '2022-03-29 06:47:13', '2022-03-29 15:47:13', 'COMMON', 0, '2022-03-29 15:22:13', 'BASIC', 7, 6),
	(80, '2022-03-29 06:48:13', '2022-03-29 06:48:13', '2022-03-29 15:48:14', 'COMMON', 0, '2022-03-29 15:33:14', 'SHORT', 33, 25),
	(81, '2022-03-29 06:53:30', '2022-03-29 06:53:30', '2022-03-29 15:53:31', 'COMMON', 0, '2022-03-29 15:03:31', 'LONG', 21, 24),
	(86, '2022-03-29 06:55:25', '2022-03-29 06:55:25', '2022-03-29 15:56:05', 'COMMON', 0, '2022-03-29 15:31:05', 'BASIC', NULL, 57),
	(97, '2022-03-29 06:58:26', '2022-03-29 06:58:26', '2022-03-29 15:58:26', 'COMMON', 0, '2022-03-29 15:33:26', 'BASIC', NULL, 7),
	(100, '2022-03-29 07:01:36', '2022-03-29 07:01:36', '2022-03-29 16:01:38', 'COMMON', 0, '2022-03-29 15:36:38', 'BASIC', NULL, 26),
	(101, '2022-03-29 07:04:24', '2022-03-29 07:04:24', '2022-03-29 16:04:25', 'COMMON', 0, '2022-03-29 15:49:25', 'SHORT', 33, 25),
	(102, '2022-03-29 07:09:56', '2022-03-29 07:09:56', '2022-03-29 16:09:56', 'COMMON', 0, '2022-03-29 15:54:56', 'SHORT', 71, 53),
	(105, '2022-03-29 07:15:55', '2022-03-29 07:15:55', '2022-03-29 16:15:56', 'COMMON', 0, '2022-03-29 16:00:56', 'SHORT', 39, 19),
	(106, '2022-03-29 07:19:38', '2022-03-29 07:19:38', '2022-03-29 16:19:37', 'COMMON', 0, '2022-03-29 16:04:37', 'SHORT', 62, 54),
	(107, '2022-03-29 07:21:11', '2022-03-29 07:21:11', '2022-03-29 16:21:11', 'COMMON', 0, '2022-03-29 15:56:11', 'BASIC', 77, 60),
	(110, '2022-03-29 07:26:09', '2022-03-29 07:26:09', '2022-03-29 16:26:10', 'COMMON', 0, '2022-03-29 16:11:10', 'SHORT', 33, 25),
	(113, '2022-03-29 07:28:22', '2022-03-29 07:28:22', '2022-03-29 16:28:21', 'COMMON', 0, '2022-03-29 16:03:21', 'BASIC', NULL, 62),
	(114, '2022-03-29 07:28:25', '2022-03-29 07:28:25', '2022-03-29 16:28:25', 'COMMON', 0, '2022-03-29 15:38:25', 'LONG', NULL, 32),
	(115, '2022-03-29 07:30:37', '2022-03-29 07:30:37', '2022-03-29 16:30:38', 'COMMON', 0, '2022-03-29 15:40:38', 'LONG', 56, 6),
	(116, '2022-03-29 07:31:14', '2022-03-29 07:31:14', '2022-03-29 16:31:14', 'COMMON', 0, '2022-03-29 15:41:14', 'LONG', 47, 44),
	(117, '2022-03-29 07:32:08', '2022-03-29 07:32:08', '2022-03-29 16:32:09', 'COMMON', 0, '2022-03-29 16:17:09', 'SHORT', 7, 6),
	(118, '2022-03-29 07:32:29', '2022-03-29 07:32:29', '2022-03-29 16:32:27', 'COMMON', 0, '2022-03-29 16:07:27', 'BASIC', NULL, 48),
	(123, '2022-03-29 07:50:20', '2022-03-29 07:50:20', '2022-03-29 16:50:21', 'COMMON', 0, '2022-03-29 16:35:21', 'SHORT', 33, 25),
	(124, '2022-03-29 07:50:47', '2022-03-29 07:50:47', '2022-03-29 16:50:46', 'COMMON', 0, '2022-03-29 16:00:46', 'LONG', NULL, 33),
	(125, '2022-03-29 07:51:10', '2022-03-29 07:51:10', '2022-03-29 16:51:10', 'COMMON', 0, '2022-03-29 16:26:10', 'BASIC', 103, 71),
	(126, '2022-03-29 07:51:35', '2022-03-29 07:51:35', '2022-03-29 16:51:35', 'COMMON', 0, '2022-03-29 16:36:35', 'SHORT', 108, 74),
	(127, '2022-03-29 07:57:00', '2022-03-29 07:57:00', '2022-03-29 16:56:59', 'COMMON', 0, '2022-03-29 16:41:59', 'SHORT', 62, 54),
	(128, '2022-03-29 08:00:25', '2022-03-29 08:00:25', '2022-03-29 17:00:27', 'COMMON', 0, '2022-03-29 16:35:27', 'BASIC', 111, 26),
	(129, '2022-03-29 08:07:18', '2022-03-29 08:07:18', '2022-03-29 17:07:18', 'COMMON', 0, '2022-03-29 16:17:18', 'LONG', 93, 70),
	(130, '2022-03-29 08:13:17', '2022-03-29 08:13:17', '2022-03-29 17:13:18', 'COMMON', 0, '2022-03-29 16:58:18', 'SHORT', 33, 25),
	(133, '2022-03-29 08:21:17', '2022-03-29 08:21:17', '2022-03-29 17:21:16', 'COMMON', 0, '2022-03-29 16:56:16', 'BASIC', 23, 28),
	(136, '2022-03-29 08:29:40', '2022-03-29 08:29:40', '2022-03-29 17:29:40', 'COMMON', 0, '2022-03-29 17:04:40', 'BASIC', 103, 71),
	(137, '2022-03-29 08:31:38', '2022-03-29 08:31:38', '2022-03-29 17:31:44', 'COMMON', 0, '2022-03-29 16:41:44', 'LONG', 17, 19),
	(138, '2022-03-29 08:36:18', '2022-03-29 08:36:18', '2022-03-29 17:36:18', 'COMMON', 0, '2022-03-29 17:21:18', 'SHORT', 108, 74),
	(139, '2022-03-29 08:45:47', '2022-03-29 08:45:47', '2022-03-29 17:45:48', 'COMMON', 0, '2022-03-29 16:55:48', 'LONG', 56, 6),
	(140, '2022-03-29 08:54:52', '2022-03-29 08:54:52', '2022-03-29 17:54:52', 'COMMON', 0, '2022-03-29 17:39:52', 'SHORT', 5, 2),
	(141, '2022-03-29 08:55:46', '2022-03-29 08:55:46', '2022-03-29 17:55:46', 'COMMON', 0, '2022-03-29 17:40:46', 'SHORT', 33, 25),
	(142, '2022-03-29 09:15:44', '2022-03-29 09:15:44', '2022-03-29 18:15:44', 'COMMON', 0, '2022-03-29 17:25:44', 'LONG', 93, 70),
	(143, '2022-03-29 09:21:32', '2022-03-29 09:21:32', '2022-03-29 18:21:30', 'COMMON', 0, '2022-03-29 17:31:30', 'LONG', NULL, 33),
	(144, '2022-03-29 09:22:59', '2022-03-29 09:22:59', '2022-03-29 18:23:00', 'COMMON', 0, '2022-03-29 17:33:00', 'LONG', 21, 24),
	(145, '2022-03-29 09:32:54', '2022-03-29 09:32:54', '2022-03-29 18:32:55', 'COMMON', 0, '2022-03-29 17:42:55', 'LONG', 56, 6),
	(146, '2022-03-29 09:50:08', '2022-03-29 09:50:08', '2022-03-29 18:50:07', 'COMMON', 0, '2022-03-29 18:00:07', 'LONG', 64, 54),
	(149, '2022-03-29 10:47:38', '2022-03-29 10:47:38', '2022-03-29 19:47:38', 'COMMON', 0, '2022-03-29 19:22:38', 'BASIC', 147, 83),
	(152, '2022-03-29 11:09:44', '2022-03-29 11:09:44', '2022-03-29 20:09:43', 'COMMON', 0, '2022-03-29 19:19:43', 'LONG', NULL, 70),
	(157, '2022-03-29 12:00:09', '2022-03-29 12:00:09', '2022-03-29 21:00:09', 'COMMON', 0, '2022-03-29 20:10:09', 'LONG', NULL, 70),
	(158, '2022-03-29 12:03:17', '2022-03-29 12:03:17', '2022-03-29 21:03:16', 'COMMON', 0, '2022-03-29 20:13:16', 'LONG', 150, 8),
	(163, '2022-03-29 12:51:05', '2022-03-29 12:51:05', '2022-03-29 21:51:04', 'COMMON', 0, '2022-03-29 21:01:04', 'LONG', NULL, 70),
	(164, '2022-03-29 12:57:01', '2022-03-29 12:57:01', '2022-03-29 21:57:02', 'COMMON', 0, '2022-03-29 21:07:02', 'LONG', 5, 2),
	(167, '2022-03-29 13:04:29', '2022-03-29 13:04:29', '2022-03-29 22:04:29', 'COMMON', 0, '2022-03-29 21:39:29', 'BASIC', 159, 7),
	(168, '2022-03-29 13:42:25', '2022-03-29 13:42:25', '2022-03-29 22:42:25', 'COMMON', 0, '2022-03-29 22:17:25', 'BASIC', 159, 7),
	(173, '2022-03-29 13:47:41', '2022-03-29 13:47:41', '2022-03-29 22:47:41', 'COMMON', 0, '2022-03-29 22:22:41', 'BASIC', 165, 89),
	(174, '2022-03-29 14:05:17', '2022-03-29 14:05:17', '2022-03-29 23:05:17', 'COMMON', 0, '2022-03-29 22:50:17', 'SHORT', 159, 7),
	(175, '2022-03-29 14:09:53', '2022-03-29 14:09:53', '2022-03-29 23:09:53', 'COMMON', 0, '2022-03-29 22:19:53', 'LONG', 5, 2),
	(178, '2022-03-29 14:11:12', '2022-03-29 14:11:12', '2022-03-29 23:11:11', 'COMMON', 0, '2022-03-29 22:46:11', 'BASIC', 165, 89),
	(179, '2022-03-29 14:15:58', '2022-03-29 14:15:58', '2022-03-29 23:15:59', 'COMMON', 0, '2022-03-29 22:50:59', 'BASIC', 33, 25),
	(180, '2022-03-29 14:32:29', '2022-03-29 14:32:29', '2022-03-29 23:32:30', 'COMMON', 0, '2022-03-29 23:17:30', 'SHORT', 5, 2),
	(183, '2022-03-29 15:06:27', '2022-03-29 15:06:27', '2022-03-30 00:06:27', 'COMMON', 0, '2022-03-29 23:16:27', 'LONG', 33, 25),
	(184, '2022-03-29 15:11:27', '2022-03-29 15:11:27', '2022-03-30 00:11:27', 'COMMON', 0, '2022-03-29 23:46:27', 'BASIC', 165, 89),
	(187, '2022-03-29 15:17:34', '2022-03-29 15:17:34', '2022-03-30 00:17:35', 'COMMON', 0, '2022-03-29 23:52:35', 'BASIC', 5, 2),
	(192, '2022-03-29 15:21:40', '2022-03-29 15:21:40', '2022-03-30 00:21:41', 'COMMON', 0, '2022-03-30 00:06:41', 'SHORT', 33, 25),
	(193, '2022-03-29 15:27:39', '2022-03-29 15:27:39', '2022-03-30 00:27:39', 'COMMON', 0, '2022-03-29 23:37:39', 'LONG', 176, 90),
	(194, '2022-03-29 15:39:03', '2022-03-29 15:39:03', '2022-03-30 00:39:03', 'COMMON', 0, '2022-03-30 00:24:03', 'SHORT', 33, 25),
	(197, '2022-03-29 15:40:58', '2022-03-29 15:40:58', '2022-03-30 00:40:58', 'COMMON', 0, '2022-03-29 23:50:58', 'LONG', 181, 91),
	(202, '2022-03-29 15:50:34', '2022-03-29 15:50:34', '2022-03-30 00:50:35', 'COMMON', 0, '2022-03-30 00:25:35', 'BASIC', 188, 2),
	(203, '2022-03-29 15:55:36', '2022-03-29 15:55:36', '2022-03-30 00:55:36', 'COMMON', 0, '2022-03-30 00:40:36', 'SHORT', 33, 25),
	(204, '2022-03-29 16:10:43', '2022-03-29 16:10:43', '2022-03-30 01:10:43', 'COMMON', 0, '2022-03-30 00:45:43', 'BASIC', 185, 1),
	(205, '2022-03-29 16:10:48', '2022-03-29 16:10:48', '2022-03-30 01:10:48', 'COMMON', 0, '2022-03-30 00:55:48', 'SHORT', 33, 25),
	(206, '2022-03-29 16:12:09', '2022-03-29 16:12:09', '2022-03-30 01:12:08', 'COMMON', 0, '2022-03-30 00:22:08', 'LONG', NULL, 70),
	(207, '2022-03-29 16:22:29', '2022-03-29 16:22:29', '2022-03-30 01:22:30', 'COMMON', 0, '2022-03-30 00:57:30', 'BASIC', 188, 2),
	(208, '2022-03-29 16:29:32', '2022-03-29 16:29:32', '2022-03-30 01:29:33', 'COMMON', 0, '2022-03-30 01:14:33', 'SHORT', 33, 25),
	(209, '2022-03-29 16:34:30', '2022-03-29 16:34:30', '2022-03-30 01:34:30', 'COMMON', 0, '2022-03-30 00:44:30', 'LONG', 190, 24),
	(210, '2022-03-29 16:45:06', '2022-03-29 16:45:06', '2022-03-30 01:45:06', 'COMMON', 0, '2022-03-30 01:30:06', 'SHORT', 33, 25),
	(211, '2022-03-29 17:07:59', '2022-03-29 17:07:59', '2022-03-30 02:08:00', 'COMMON', 0, '2022-03-30 01:43:00', 'BASIC', 188, 2),
	(212, '2022-03-29 17:30:57', '2022-03-29 17:30:57', '2022-03-30 02:30:58', 'COMMON', 0, '2022-03-30 02:15:58', 'SHORT', 33, 25),
	(213, '2022-03-29 17:46:12', '2022-03-29 17:46:12', '2022-03-30 02:46:13', 'COMMON', 0, '2022-03-30 02:31:13', 'SHORT', 33, 25),
	(214, '2022-03-29 17:54:05', '2022-03-29 17:54:05', '2022-03-30 02:54:05', 'COMMON', 0, '2022-03-30 02:04:05', 'LONG', 181, 91),
	(215, '2022-03-29 18:01:31', '2022-03-29 18:01:31', '2022-03-30 03:01:31', 'COMMON', 0, '2022-03-30 02:46:31', 'SHORT', 33, 25),
	(216, '2022-03-29 18:16:39', '2022-03-29 18:16:39', '2022-03-30 03:16:40', 'COMMON', 0, '2022-03-30 03:01:40', 'SHORT', 33, 25),
	(217, '2022-03-29 18:36:55', '2022-03-29 18:36:55', '2022-03-30 03:36:55', 'COMMON', 0, '2022-03-30 03:21:55', 'SHORT', 33, 25),
	(218, '2022-03-29 18:54:04', '2022-03-29 18:54:04', '2022-03-30 03:54:04', 'COMMON', 0, '2022-03-30 03:39:04', 'SHORT', 33, 25),
	(219, '2022-03-29 20:42:32', '2022-03-29 20:42:32', '2022-03-30 05:42:32', 'COMMON', 0, '2022-03-30 04:52:32', 'LONG', 181, 91),
	(228, '2022-03-30 00:53:55', '2022-03-30 00:53:55', '2022-03-30 09:53:56', 'COMMON', 0, '2022-03-30 09:28:56', 'BASIC', 226, 25),
	(229, '2022-03-30 01:18:04', '2022-03-30 01:18:04', '2022-03-30 10:18:04', 'COMMON', 0, '2022-03-30 10:03:04', 'SHORT', 226, 25),
	(230, '2022-03-30 01:19:40', '2022-03-30 01:19:40', '2022-03-30 10:19:42', 'COMMON', 0, '2022-03-30 09:29:42', 'LONG', 108, 74),
	(231, '2022-03-30 01:44:20', '2022-03-30 01:44:20', '2022-03-30 10:44:21', 'COMMON', 0, '2022-03-30 10:29:21', 'SHORT', 226, 25),
	(232, '2022-03-30 01:59:50', '2022-03-30 01:59:50', '2022-03-30 10:59:51', 'COMMON', 0, '2022-03-30 10:44:51', 'SHORT', 226, 25),
	(235, '2022-03-30 02:10:44', '2022-03-30 02:10:44', '2022-03-30 11:10:43', 'COMMON', 0, '2022-03-30 10:20:43', 'LONG', 220, 8),
	(236, '2022-03-30 02:21:07', '2022-03-30 02:21:07', '2022-03-30 11:21:08', 'COMMON', 0, '2022-03-30 11:06:08', 'SHORT', 226, 25),
	(237, '2022-03-30 02:22:29', '2022-03-30 02:22:29', '2022-03-30 11:22:29', 'COMMON', 0, '2022-03-30 10:57:29', 'BASIC', 198, 4),
	(238, '2022-03-30 02:45:22', '2022-03-30 02:45:22', '2022-03-30 11:45:22', 'COMMON', 0, '2022-03-30 11:30:22', 'SHORT', 226, 25),
	(239, '2022-03-30 02:51:12', '2022-03-30 02:51:12', '2022-03-30 11:51:12', 'COMMON', 0, '2022-03-30 11:01:12', 'LONG', 5, 2),
	(240, '2022-03-30 02:53:53', '2022-03-30 02:53:53', '2022-03-30 11:53:53', 'COMMON', 0, '2022-03-30 11:03:53', 'LONG', 181, 91),
	(241, '2022-03-30 02:58:52', '2022-03-30 02:58:52', '2022-03-30 11:58:52', 'COMMON', 0, '2022-03-30 11:33:52', 'BASIC', 198, 4),
	(242, '2022-03-30 03:10:35', '2022-03-30 03:10:35', '2022-03-30 12:10:36', 'COMMON', 0, '2022-03-30 11:55:36', 'SHORT', 226, 25),
	(245, '2022-03-30 03:45:51', '2022-03-30 03:45:51', '2022-03-30 12:45:52', 'COMMON', 0, '2022-03-30 12:30:52', 'SHORT', 226, 25),
	(246, '2022-03-30 03:51:38', '2022-03-30 03:51:38', '2022-03-30 12:51:37', 'COMMON', 0, '2022-03-30 12:26:37', 'BASIC', 220, 8),
	(247, '2022-03-30 04:07:16', '2022-03-30 04:07:16', '2022-03-30 13:07:16', 'COMMON', 0, '2022-03-30 12:52:16', 'SHORT', 226, 25),
	(248, '2022-03-30 04:19:23', '2022-03-30 04:19:23', '2022-03-30 13:19:23', 'COMMON', 0, '2022-03-30 12:29:23', 'LONG', NULL, 70),
	(249, '2022-03-30 04:22:05', '2022-03-30 04:22:05', '2022-03-30 13:22:05', 'COMMON', 0, '2022-03-30 12:57:05', 'BASIC', 243, 1),
	(250, '2022-03-30 04:29:02', '2022-03-30 04:29:02', '2022-03-30 13:29:03', 'COMMON', 0, '2022-03-30 13:14:03', 'SHORT', 226, 25),
	(251, '2022-03-30 04:33:44', '2022-03-30 04:33:44', '2022-03-30 13:33:43', 'COMMON', 0, '2022-03-30 13:18:43', 'SHORT', 220, 8),
	(262, '2022-03-30 04:47:16', '2022-03-30 04:47:16', '2022-03-30 13:47:15', 'COMMON', 0, '2022-03-30 13:22:15', 'BASIC', 243, 1),
	(265, '2022-03-30 04:53:22', '2022-03-30 04:53:22', '2022-03-30 13:53:22', 'COMMON', 0, '2022-03-30 13:28:22', 'BASIC', 200, 4),
	(266, '2022-03-30 05:05:35', '2022-03-30 05:05:35', '2022-03-30 14:05:37', 'COMMON', 0, '2022-03-30 13:40:37', 'BASIC', NULL, 94),
	(269, '2022-03-30 05:06:28', '2022-03-30 05:06:28', '2022-03-30 14:06:28', 'COMMON', 0, '2022-03-30 13:41:28', 'BASIC', 5, 2),
	(272, '2022-03-30 05:18:09', '2022-03-30 05:18:09', '2022-03-30 14:18:10', 'COMMON', 0, '2022-03-30 14:03:10', 'SHORT', 226, 25),
	(275, '2022-03-30 05:30:10', '2022-03-30 05:30:10', '2022-03-30 14:30:10', 'COMMON', 0, '2022-03-30 14:05:10', 'BASIC', 243, 1),
	(276, '2022-03-30 05:41:12', '2022-03-30 05:41:12', '2022-03-30 14:41:13', 'COMMON', 0, '2022-03-30 14:26:13', 'SHORT', 226, 25),
	(277, '2022-03-30 05:41:55', '2022-03-30 05:41:55', '2022-03-30 14:41:55', 'COMMON', 0, '2022-03-30 13:51:55', 'LONG', 252, 7),
	(278, '2022-03-30 05:42:01', '2022-03-30 05:42:01', '2022-03-30 14:42:02', 'COMMON', 0, '2022-03-30 13:52:02', 'LONG', 21, 24),
	(279, '2022-03-30 05:42:42', '2022-03-30 05:42:42', '2022-03-30 14:42:42', 'COMMON', 0, '2022-03-30 14:17:42', 'BASIC', 5, 2),
	(282, '2022-03-30 05:50:54', '2022-03-30 05:50:54', '2022-03-30 14:50:54', 'COMMON', 0, '2022-03-30 14:00:54', 'LONG', 181, 91),
	(283, '2022-03-30 05:55:01', '2022-03-30 05:55:01', '2022-03-30 14:55:01', 'COMMON', 0, '2022-03-30 14:05:01', 'LONG', NULL, 70),
	(286, '2022-03-30 06:02:22', '2022-03-30 06:02:22', '2022-03-30 15:02:22', 'COMMON', 0, '2022-03-30 14:37:22', 'BASIC', 200, 4),
	(287, '2022-03-30 06:02:38', '2022-03-30 06:02:38', '2022-03-30 15:02:39', 'COMMON', 0, '2022-03-30 14:47:39', 'SHORT', 226, 25),
	(288, '2022-03-30 06:03:46', '2022-03-30 06:03:46', '2022-03-30 15:03:45', 'COMMON', 0, '2022-03-30 14:38:45', 'BASIC', 273, 28),
	(289, '2022-03-30 06:15:55', '2022-03-30 06:15:55', '2022-03-30 15:15:54', 'COMMON', 0, '2022-03-30 15:00:54', 'SHORT', 254, 8),
	(290, '2022-03-30 06:21:15', '2022-03-30 06:21:15', '2022-03-30 15:21:17', 'COMMON', 0, '2022-03-30 14:31:17', 'LONG', 267, 94),
	(291, '2022-03-30 06:28:25', '2022-03-30 06:28:25', '2022-03-30 15:28:26', 'COMMON', 0, '2022-03-30 15:13:26', 'SHORT', 226, 25),
	(292, '2022-03-30 06:37:55', '2022-03-30 06:37:55', '2022-03-30 15:37:54', 'COMMON', 0, '2022-03-30 15:22:54', 'SHORT', 254, 8),
	(293, '2022-03-30 06:47:29', '2022-03-30 06:47:29', '2022-03-30 15:47:29', 'COMMON', 0, '2022-03-30 15:22:29', 'BASIC', 153, 4),
	(294, '2022-03-30 06:49:21', '2022-03-30 06:49:21', '2022-03-30 15:49:19', 'COMMON', 0, '2022-03-30 15:24:19', 'BASIC', 273, 28),
	(295, '2022-03-30 06:51:00', '2022-03-30 06:51:00', '2022-03-30 15:51:00', 'COMMON', 0, '2022-03-30 15:01:00', 'LONG', 5, 2),
	(296, '2022-03-30 06:57:13', '2022-03-30 06:57:13', '2022-03-30 15:57:14', 'COMMON', 0, '2022-03-30 15:42:14', 'SHORT', 226, 25),
	(297, '2022-03-30 06:59:01', '2022-03-30 06:59:01', '2022-03-30 15:59:02', 'COMMON', 0, '2022-03-30 15:09:02', 'LONG', 280, 24),
	(298, '2022-03-30 06:59:12', '2022-03-30 06:59:12', '2022-03-30 15:59:12', 'COMMON', 0, '2022-03-30 15:34:12', 'BASIC', 243, 1),
	(299, '2022-03-30 07:06:38', '2022-03-30 07:06:38', '2022-03-30 16:06:38', 'COMMON', 0, '2022-03-30 15:16:38', 'LONG', NULL, 70),
	(300, '2022-03-30 07:18:10', '2022-03-30 07:18:10', '2022-03-30 16:18:09', 'COMMON', 0, '2022-03-30 16:03:09', 'SHORT', 254, 8),
	(301, '2022-03-30 07:19:55', '2022-03-30 07:19:55', '2022-03-30 16:19:56', 'COMMON', 0, '2022-03-30 16:04:56', 'SHORT', 226, 25),
	(302, '2022-03-30 07:26:00', '2022-03-30 07:26:00', '2022-03-30 16:26:00', 'COMMON', 0, '2022-03-30 16:01:00', 'BASIC', 188, 2),
	(303, '2022-03-30 07:28:15', '2022-03-30 07:28:15', '2022-03-30 16:28:13', 'COMMON', 0, '2022-03-30 16:03:13', 'BASIC', 273, 28),
	(308, '2022-03-30 07:42:48', '2022-03-30 07:42:48', '2022-03-30 16:42:49', 'COMMON', 0, '2022-03-30 16:27:49', 'SHORT', 226, 25),
	(311, '2022-03-30 07:56:18', '2022-03-30 07:56:18', '2022-03-30 16:56:18', 'COMMON', 0, '2022-03-30 16:41:18', 'SHORT', 153, 4),
	(312, '2022-03-30 08:00:59', '2022-03-30 08:00:59', '2022-03-30 17:00:57', 'COMMON', 0, '2022-03-30 16:35:57', 'BASIC', 254, 8),
	(313, '2022-03-30 08:03:44', '2022-03-30 08:03:44', '2022-03-30 17:03:44', 'COMMON', 0, '2022-03-30 16:48:44', 'SHORT', 188, 2),
	(314, '2022-03-30 08:06:58', '2022-03-30 08:06:58', '2022-03-30 17:06:59', 'COMMON', 0, '2022-03-30 16:51:59', 'SHORT', 226, 25),
	(315, '2022-03-30 08:30:15', '2022-03-30 08:30:15', '2022-03-30 17:30:16', 'COMMON', 0, '2022-03-30 17:15:16', 'SHORT', 226, 25),
	(316, '2022-03-30 08:36:36', '2022-03-30 08:36:36', '2022-03-30 17:36:36', 'COMMON', 0, '2022-03-30 16:46:36', 'LONG', NULL, 70),
	(317, '2022-03-30 08:41:08', '2022-03-30 08:41:08', '2022-03-30 17:41:08', 'COMMON', 0, '2022-03-30 16:51:08', 'LONG', 309, 91),
	(318, '2022-03-30 08:47:34', '2022-03-30 08:47:34', '2022-03-30 17:47:34', 'COMMON', 0, '2022-03-30 17:32:34', 'SHORT', 226, 25),
	(319, '2022-03-30 08:49:42', '2022-03-30 08:49:42', '2022-03-30 17:49:40', 'COMMON', 0, '2022-03-30 17:24:40', 'BASIC', 273, 28),
	(320, '2022-03-30 08:58:37', '2022-03-30 08:58:37', '2022-03-30 17:58:37', 'COMMON', 0, '2022-03-30 17:08:37', 'LONG', 267, 94),
	(321, '2022-03-30 09:10:38', '2022-03-30 09:10:38', '2022-03-30 18:10:38', 'COMMON', 0, '2022-03-30 17:55:38', 'SHORT', 226, 25),
	(322, '2022-03-30 09:30:41', '2022-03-30 09:30:41', '2022-03-30 18:30:41', 'COMMON', 0, '2022-03-30 18:15:41', 'SHORT', 226, 25),
	(325, '2022-03-30 09:47:26', '2022-03-30 09:47:26', '2022-03-30 18:47:26', 'COMMON', 0, '2022-03-30 17:57:26', 'LONG', NULL, 70),
	(326, '2022-03-30 09:55:08', '2022-03-30 09:55:08', '2022-03-30 18:55:06', 'COMMON', 0, '2022-03-30 18:30:06', 'BASIC', 273, 28),
	(329, '2022-03-30 10:00:49', '2022-03-30 10:00:49', '2022-03-30 19:00:50', 'COMMON', 0, '2022-03-30 18:45:50', 'SHORT', 323, 93),
	(332, '2022-03-30 10:42:15', '2022-03-30 10:42:15', '2022-03-30 19:42:19', 'COMMON', 0, '2022-03-30 19:17:19', 'BASIC', 327, 7),
	(333, '2022-03-30 11:07:14', '2022-03-30 11:07:14', '2022-03-30 20:07:14', 'COMMON', 0, '2022-03-30 19:17:14', 'LONG', 226, 25),
	(336, '2022-03-30 11:09:37', '2022-03-30 11:09:37', '2022-03-30 20:09:36', 'COMMON', 0, '2022-03-30 19:44:36', 'BASIC', 150, 8),
	(337, '2022-03-30 11:36:24', '2022-03-30 11:36:24', '2022-03-30 20:36:22', 'COMMON', 0, '2022-03-30 20:11:22', 'BASIC', 150, 8),
	(338, '2022-03-30 11:44:35', '2022-03-30 11:44:35', '2022-03-30 20:44:33', 'COMMON', 0, '2022-03-30 20:19:33', 'BASIC', 334, 28),
	(339, '2022-03-30 11:49:58', '2022-03-30 11:49:58', '2022-03-30 20:49:58', 'COMMON', 0, '2022-03-30 19:59:58', 'LONG', NULL, 70),
	(340, '2022-03-30 12:22:45', '2022-03-30 12:22:45', '2022-03-30 21:22:43', 'COMMON', 0, '2022-03-30 20:57:43', 'BASIC', 334, 28),
	(353, '2022-03-30 12:38:05', '2022-03-30 12:38:05', '2022-03-30 21:38:05', 'COMMON', 0, '2022-03-30 20:48:05', 'LONG', 226, 25),
	(354, '2022-03-30 12:43:16', '2022-03-30 12:43:16', '2022-03-30 21:43:16', 'COMMON', 0, '2022-03-30 21:28:16', 'SHORT', 188, 2),
	(355, '2022-03-30 12:57:38', '2022-03-30 12:57:38', '2022-03-30 21:57:37', 'COMMON', 0, '2022-03-30 21:07:37', 'LONG', NULL, 70),
	(356, '2022-03-30 13:23:08', '2022-03-30 13:23:08', '2022-03-30 22:23:08', 'COMMON', 0, '2022-03-30 21:58:08', 'BASIC', 188, 2),
	(357, '2022-03-30 13:51:43', '2022-03-30 13:51:43', '2022-03-30 22:51:43', 'COMMON', 0, '2022-03-30 22:01:43', 'LONG', 176, 90),
	(358, '2022-03-30 13:52:57', '2022-03-30 13:52:57', '2022-03-30 22:52:57', 'COMMON', 0, '2022-03-30 22:02:57', 'LONG', 226, 25),
	(359, '2022-03-30 14:02:02', '2022-03-30 14:02:02', '2022-03-30 23:02:02', 'COMMON', 0, '2022-03-30 22:37:02', 'BASIC', 188, 2),
	(360, '2022-03-30 14:08:07', '2022-03-30 14:08:07', '2022-03-30 23:08:06', 'COMMON', 0, '2022-03-30 22:18:06', 'LONG', NULL, 70),
	(361, '2022-03-30 14:14:57', '2022-03-30 14:14:57', '2022-03-30 23:14:57', 'COMMON', 0, '2022-03-30 22:59:57', 'SHORT', 226, 25),
	(366, '2022-03-30 14:40:23', '2022-03-30 14:40:23', '2022-03-30 23:40:23', 'COMMON', 0, '2022-03-30 23:15:23', 'BASIC', 188, 2),
	(369, '2022-03-30 15:04:39', '2022-03-30 15:04:39', '2022-03-31 00:04:39', 'COMMON', 0, '2022-03-30 23:49:39', 'SHORT', 188, 2),
	(370, '2022-03-30 15:20:50', '2022-03-30 15:20:50', '2022-03-31 00:20:49', 'COMMON', 0, '2022-03-30 23:30:49', 'LONG', NULL, 70),
	(371, '2022-03-30 15:29:05', '2022-03-30 15:29:05', '2022-03-31 00:29:05', 'COMMON', 0, '2022-03-30 23:39:05', 'LONG', 226, 25),
	(374, '2022-03-30 15:31:17', '2022-03-30 15:31:17', '2022-03-31 00:31:17', 'COMMON', 0, '2022-03-31 00:16:17', 'SHORT', 188, 2),
	(375, '2022-03-30 15:33:11', '2022-03-30 15:33:11', '2022-03-31 00:33:10', 'COMMON', 0, '2022-03-30 23:43:10', 'LONG', 362, 7),
	(376, '2022-03-30 16:19:55', '2022-03-30 16:19:55', '2022-03-31 01:19:56', 'COMMON', 0, '2022-03-31 00:54:56', 'BASIC', 200, 4),
	(377, '2022-03-30 16:31:04', '2022-03-30 16:31:04', '2022-03-31 01:31:03', 'COMMON', 0, '2022-03-31 00:41:03', 'LONG', NULL, 70),
	(384, '2022-03-30 16:54:16', '2022-03-30 16:54:16', '2022-03-31 01:54:16', 'COMMON', 0, '2022-03-31 01:04:16', 'LONG', 372, 25),
	(385, '2022-03-30 16:58:19', '2022-03-30 16:58:19', '2022-03-31 01:58:20', 'COMMON', 0, '2022-03-31 01:33:20', 'BASIC', 200, 4),
	(386, '2022-03-30 17:39:31', '2022-03-30 17:39:31', '2022-03-31 02:39:32', 'COMMON', 0, '2022-03-31 02:24:32', 'SHORT', 153, 4),
	(387, '2022-03-30 17:48:42', '2022-03-30 17:48:42', '2022-03-31 02:48:41', 'COMMON', 0, '2022-03-31 01:58:41', 'LONG', NULL, 70),
	(388, '2022-03-30 18:11:54', '2022-03-30 18:11:54', '2022-03-31 03:11:53', 'COMMON', 0, '2022-03-31 02:56:53', 'SHORT', NULL, 70),
	(389, '2022-03-30 18:35:02', '2022-03-30 18:35:02', '2022-03-31 03:35:02', 'COMMON', 0, '2022-03-31 03:10:02', 'BASIC', 372, 25),
	(390, '2022-03-30 19:00:43', '2022-03-30 19:00:43', '2022-03-31 04:00:43', 'COMMON', 0, '2022-03-31 03:35:43', 'BASIC', 372, 25),
	(391, '2022-03-30 19:20:42', '2022-03-30 19:20:42', '2022-03-31 04:20:43', 'COMMON', 0, '2022-03-31 04:05:43', 'SHORT', 372, 25),
	(392, '2022-03-30 19:35:56', '2022-03-30 19:35:56', '2022-03-31 04:35:56', 'COMMON', 0, '2022-03-31 04:20:56', 'SHORT', 372, 25),
	(393, '2022-03-31 01:02:43', '2022-03-31 01:02:43', '2022-03-31 10:02:44', 'COMMON', 0, '2022-03-31 09:12:44', 'LONG', NULL, 70),
	(396, '2022-03-31 01:08:41', '2022-03-31 01:08:41', '2022-03-31 10:08:42', 'COMMON', 0, '2022-03-31 09:18:42', 'LONG', 372, 25),
	(399, '2022-03-31 01:56:28', '2022-03-31 01:56:28', '2022-03-31 10:56:28', 'COMMON', 0, '2022-03-31 10:06:28', 'LONG', NULL, 70),
	(400, '2022-03-31 02:25:26', '2022-03-31 02:25:26', '2022-03-31 11:25:27', 'COMMON', 0, '2022-03-31 10:35:27', 'LONG', 372, 25),
	(401, '2022-03-31 02:31:05', '2022-03-31 02:31:05', '2022-03-31 11:31:04', 'COMMON', 0, '2022-03-31 10:41:04', 'LONG', 397, 99),
	(402, '2022-03-31 02:47:55', '2022-03-31 02:47:55', '2022-03-31 11:47:55', 'COMMON', 0, '2022-03-31 10:57:55', 'LONG', NULL, 70),
	(403, '2022-03-31 03:28:47', '2022-03-31 03:28:47', '2022-03-31 12:28:47', 'COMMON', 0, '2022-03-31 11:38:47', 'LONG', 372, 25),
	(404, '2022-03-31 03:39:08', '2022-03-31 03:39:08', '2022-03-31 12:39:08', 'COMMON', 0, '2022-03-31 11:49:08', 'LONG', NULL, 70),
	(405, '2022-03-31 04:29:17', '2022-03-31 04:29:17', '2022-03-31 13:29:18', 'COMMON', 0, '2022-03-31 12:39:18', 'LONG', 372, 25),
	(406, '2022-03-31 04:29:50', '2022-03-31 04:29:50', '2022-03-31 13:29:50', 'COMMON', 0, '2022-03-31 12:39:50', 'LONG', NULL, 70),
	(407, '2022-03-31 05:20:30', '2022-03-31 05:20:30', '2022-03-31 14:20:30', 'COMMON', 0, '2022-03-31 13:30:30', 'LONG', NULL, 70),
	(408, '2022-03-31 05:39:13', '2022-03-31 05:39:13', '2022-03-31 14:39:11', 'COMMON', 0, '2022-03-31 13:49:11', 'LONG', 397, 99),
	(409, '2022-03-31 05:45:52', '2022-03-31 05:45:52', '2022-03-31 14:45:52', 'COMMON', 0, '2022-03-31 13:55:52', 'LONG', 372, 25),
	(412, '2022-03-31 06:11:13', '2022-03-31 06:11:13', '2022-03-31 15:11:12', 'COMMON', 0, '2022-03-31 14:21:12', 'LONG', NULL, 70),
	(413, '2022-03-31 06:44:59', '2022-03-31 06:44:59', '2022-03-31 15:44:57', 'COMMON', 0, '2022-03-31 14:54:57', 'LONG', 397, 99),
	(414, '2022-03-31 07:01:57', '2022-03-31 07:01:57', '2022-03-31 16:01:57', 'COMMON', 0, '2022-03-31 15:11:57', 'LONG', NULL, 70),
	(415, '2022-03-31 07:01:59', '2022-03-31 07:01:59', '2022-03-31 16:02:00', 'COMMON', 0, '2022-03-31 15:12:00', 'LONG', 372, 25),
	(416, '2022-03-31 07:52:37', '2022-03-31 07:52:37', '2022-03-31 16:52:37', 'COMMON', 0, '2022-03-31 16:02:37', 'LONG', NULL, 70),
	(417, '2022-03-31 08:17:28', '2022-03-31 08:17:28', '2022-03-31 17:17:29', 'COMMON', 0, '2022-03-31 16:27:29', 'LONG', 372, 25),
	(418, '2022-03-31 08:20:35', '2022-03-31 08:20:35', '2022-03-31 17:20:36', 'COMMON', 0, '2022-03-31 16:30:36', 'LONG', 280, 24),
	(419, '2022-03-31 08:43:18', '2022-03-31 08:43:18', '2022-03-31 17:43:17', 'COMMON', 0, '2022-03-31 16:53:17', 'LONG', NULL, 70),
	(420, '2022-03-31 08:56:32', '2022-03-31 08:56:32', '2022-03-31 17:56:33', 'COMMON', 0, '2022-03-31 17:31:33', 'BASIC', 372, 25),
	(423, '2022-03-31 08:58:30', '2022-03-31 08:58:30', '2022-03-31 17:58:30', 'COMMON', 0, '2022-03-31 17:33:30', 'BASIC', 273, 28),
	(426, '2022-03-31 09:34:00', '2022-03-31 09:34:00', '2022-03-31 18:34:00', 'COMMON', 0, '2022-03-31 17:44:00', 'LONG', NULL, 70),
	(427, '2022-03-31 10:12:35', '2022-03-31 10:12:35', '2022-03-31 19:12:36', 'COMMON', 0, '2022-03-31 18:22:36', 'LONG', 421, 25),
	(428, '2022-03-31 10:23:10', '2022-03-31 10:23:10', '2022-03-31 19:23:11', 'COMMON', 0, '2022-03-31 18:33:11', 'LONG', 21, 24),
	(429, '2022-03-31 10:27:17', '2022-03-31 10:27:17', '2022-03-31 19:27:17', 'COMMON', 0, '2022-03-31 18:37:17', 'LONG', NULL, 70),
	(430, '2022-03-31 11:24:03', '2022-03-31 11:24:03', '2022-03-31 20:24:03', 'COMMON', 0, '2022-03-31 19:34:03', 'LONG', NULL, 70),
	(431, '2022-03-31 11:30:45', '2022-03-31 11:30:45', '2022-03-31 20:30:46', 'COMMON', 0, '2022-03-31 19:40:46', 'LONG', 421, 25),
	(432, '2022-03-31 11:39:13', '2022-03-31 11:39:13', '2022-03-31 20:39:13', 'COMMON', 0, '2022-03-31 20:14:13', 'BASIC', 273, 28),
	(433, '2022-03-31 12:14:45', '2022-03-31 12:14:45', '2022-03-31 21:14:45', 'COMMON', 0, '2022-03-31 20:24:45', 'LONG', NULL, 70),
	(438, '2022-03-31 12:44:36', '2022-03-31 12:44:36', '2022-03-31 21:44:37', 'COMMON', 0, '2022-03-31 20:54:37', 'LONG', 421, 25),
	(439, '2022-03-31 13:05:25', '2022-03-31 13:05:25', '2022-03-31 22:05:25', 'COMMON', 0, '2022-03-31 21:15:25', 'LONG', NULL, 70),
	(440, '2022-03-31 13:37:42', '2022-03-31 13:37:42', '2022-03-31 22:37:43', 'COMMON', 0, '2022-03-31 21:47:43', 'LONG', 434, 24),
	(441, '2022-03-31 13:56:12', '2022-03-31 13:56:12', '2022-03-31 22:56:12', 'COMMON', 0, '2022-03-31 22:06:12', 'LONG', NULL, 70),
	(442, '2022-03-31 14:00:31', '2022-03-31 14:00:31', '2022-03-31 23:00:32', 'COMMON', 0, '2022-03-31 22:10:32', 'LONG', 421, 25),
	(443, '2022-03-31 14:46:55', '2022-03-31 14:46:55', '2022-03-31 23:46:54', 'COMMON', 0, '2022-03-31 22:56:54', 'LONG', NULL, 70),
	(444, '2022-03-31 15:18:18', '2022-03-31 15:18:18', '2022-04-01 00:18:19', 'COMMON', 0, '2022-03-31 23:28:19', 'LONG', 421, 25),
	(445, '2022-03-31 15:37:36', '2022-03-31 15:37:36', '2022-04-01 00:37:36', 'COMMON', 0, '2022-03-31 23:47:36', 'LONG', NULL, 70),
	(446, '2022-03-31 16:28:17', '2022-03-31 16:28:17', '2022-04-01 01:28:17', 'COMMON', 0, '2022-04-01 00:38:17', 'LONG', NULL, 70),
	(447, '2022-03-31 16:29:32', '2022-03-31 16:29:32', '2022-04-01 01:29:33', 'COMMON', 0, '2022-04-01 00:39:33', 'LONG', 421, 25),
	(448, '2022-03-31 17:18:59', '2022-03-31 17:18:59', '2022-04-01 02:18:58', 'COMMON', 0, '2022-04-01 01:28:58', 'LONG', NULL, 70),
	(449, '2022-03-31 17:19:55', '2022-03-31 17:19:55', '2022-04-01 02:19:55', 'COMMON', 0, '2022-04-01 01:29:55', 'LONG', 421, 25),
	(450, '2022-03-31 18:09:37', '2022-03-31 18:09:37', '2022-04-01 03:09:37', 'COMMON', 0, '2022-04-01 02:19:37', 'LONG', NULL, 70),
	(451, '2022-03-31 18:29:05', '2022-03-31 18:29:05', '2022-04-01 03:29:06', 'COMMON', 0, '2022-04-01 02:39:06', 'LONG', 421, 25),
	(452, '2022-03-31 19:05:59', '2022-03-31 19:05:59', '2022-04-01 04:05:58', 'COMMON', 0, '2022-04-01 03:15:58', 'LONG', NULL, 70),
	(453, '2022-03-31 19:42:57', '2022-03-31 19:42:57', '2022-04-01 04:42:57', 'COMMON', 0, '2022-04-01 03:52:57', 'LONG', 421, 25),
	(454, '2022-04-01 00:22:40', '2022-04-01 00:22:40', '2022-04-01 09:22:40', 'COMMON', 0, '2022-04-01 08:32:40', 'LONG', NULL, 70),
	(455, '2022-04-01 00:25:03', '2022-04-01 00:25:03', '2022-04-01 09:25:05', 'COMMON', 0, '2022-04-01 08:35:05', 'LONG', 434, 24),
	(456, '2022-04-01 01:14:21', '2022-04-01 01:14:21', '2022-04-01 10:14:21', 'COMMON', 0, '2022-04-01 09:24:21', 'LONG', NULL, 70),
	(457, '2022-04-01 01:41:54', '2022-04-01 01:41:54', '2022-04-01 10:41:55', 'COMMON', 0, '2022-04-01 09:51:55', 'LONG', 421, 25),
	(460, '2022-04-01 02:27:39', '2022-04-01 02:27:39', '2022-04-01 11:27:39', 'COMMON', 0, '2022-04-01 10:37:39', 'LONG', NULL, 70),
	(461, '2022-04-01 03:09:22', '2022-04-01 03:09:22', '2022-04-01 12:09:23', 'COMMON', 0, '2022-04-01 11:19:23', 'LONG', 458, 25),
	(462, '2022-04-01 03:21:57', '2022-04-01 03:21:57', '2022-04-01 12:21:56', 'COMMON', 0, '2022-04-01 11:31:56', 'LONG', NULL, 70),
	(463, '2022-04-01 04:12:39', '2022-04-01 04:12:39', '2022-04-01 13:12:39', 'COMMON', 0, '2022-04-01 12:22:39', 'LONG', NULL, 70),
	(464, '2022-04-01 04:25:40', '2022-04-01 04:25:40', '2022-04-01 13:25:41', 'COMMON', 0, '2022-04-01 12:35:41', 'LONG', 458, 25),
	(465, '2022-04-01 05:03:22', '2022-04-01 05:03:22', '2022-04-01 14:03:22', 'COMMON', 0, '2022-04-01 13:13:22', 'LONG', NULL, 70),
	(466, '2022-04-01 05:35:08', '2022-04-01 05:35:08', '2022-04-01 14:35:09', 'COMMON', 0, '2022-04-01 13:45:09', 'LONG', 458, 25),
	(467, '2022-04-01 05:38:37', '2022-04-01 05:38:37', '2022-04-01 14:38:35', 'COMMON', 0, '2022-04-01 14:13:35', 'BASIC', 243, 1),
	(470, '2022-04-01 05:54:05', '2022-04-01 05:54:05', '2022-04-01 14:54:05', 'COMMON', 0, '2022-04-01 14:04:05', 'LONG', NULL, 70),
	(471, '2022-04-01 06:19:54', '2022-04-01 06:19:54', '2022-04-01 15:19:54', 'COMMON', 0, '2022-04-01 14:54:54', 'BASIC', 243, 1),
	(472, '2022-04-01 06:44:48', '2022-04-01 06:44:48', '2022-04-01 15:44:48', 'COMMON', 0, '2022-04-01 14:54:48', 'LONG', NULL, 70),
	(473, '2022-04-01 06:52:47', '2022-04-01 06:52:47', '2022-04-01 15:52:48', 'COMMON', 0, '2022-04-01 15:02:48', 'LONG', 458, 25),
	(474, '2022-04-01 07:04:10', '2022-04-01 07:04:10', '2022-04-01 16:04:08', 'COMMON', 0, '2022-04-01 15:14:08', 'LONG', 468, 28),
	(475, '2022-04-01 07:11:41', '2022-04-01 07:11:41', '2022-04-01 16:11:40', 'COMMON', 0, '2022-04-01 15:46:40', 'BASIC', 243, 1),
	(476, '2022-04-01 07:35:30', '2022-04-01 07:35:30', '2022-04-01 16:35:30', 'COMMON', 0, '2022-04-01 15:45:30', 'LONG', NULL, 70),
	(477, '2022-04-01 07:56:15', '2022-04-01 07:56:15', '2022-04-01 16:56:14', 'COMMON', 0, '2022-04-01 16:31:14', 'BASIC', 243, 1),
	(478, '2022-04-01 08:06:57', '2022-04-01 08:06:57', '2022-04-01 17:06:58', 'COMMON', 0, '2022-04-01 16:16:58', 'LONG', 458, 25),
	(479, '2022-04-01 08:16:26', '2022-04-01 08:16:26', '2022-04-01 17:16:25', 'COMMON', 0, '2022-04-01 16:51:25', 'BASIC', 468, 28),
	(480, '2022-04-01 08:26:15', '2022-04-01 08:26:15', '2022-04-01 17:26:15', 'COMMON', 0, '2022-04-01 16:36:15', 'LONG', NULL, 70),
	(481, '2022-04-01 08:49:06', '2022-04-01 08:49:06', '2022-04-01 17:49:08', 'COMMON', 0, '2022-04-01 16:59:08', 'LONG', 21, 24),
	(482, '2022-04-01 09:05:54', '2022-04-01 09:05:54', '2022-04-01 18:05:54', 'COMMON', 0, '2022-04-01 17:40:54', 'BASIC', 243, 1),
	(483, '2022-04-01 09:16:56', '2022-04-01 09:16:56', '2022-04-01 18:16:56', 'COMMON', 0, '2022-04-01 17:26:56', 'LONG', NULL, 70),
	(484, '2022-04-01 09:19:25', '2022-04-01 09:19:25', '2022-04-01 18:19:26', 'COMMON', 0, '2022-04-01 17:29:26', 'LONG', 458, 25),
	(485, '2022-04-01 10:07:39', '2022-04-01 10:07:39', '2022-04-01 19:07:39', 'COMMON', 0, '2022-04-01 18:17:39', 'LONG', NULL, 70),
	(486, '2022-04-01 10:33:53', '2022-04-01 10:33:53', '2022-04-01 19:33:54', 'COMMON', 0, '2022-04-01 18:43:54', 'LONG', 458, 25),
	(487, '2022-04-01 10:58:19', '2022-04-01 10:58:19', '2022-04-01 19:58:19', 'COMMON', 0, '2022-04-01 19:08:19', 'LONG', NULL, 70),
	(488, '2022-04-01 11:24:12', '2022-04-01 11:24:12', '2022-04-01 20:24:12', 'COMMON', 0, '2022-04-01 19:34:12', 'LONG', 458, 25),
	(489, '2022-04-01 11:55:44', '2022-04-01 11:55:44', '2022-04-01 20:55:43', 'COMMON', 0, '2022-04-01 20:05:43', 'LONG', NULL, 70),
	(490, '2022-04-01 12:14:35', '2022-04-01 12:14:35', '2022-04-01 21:14:35', 'COMMON', 0, '2022-04-01 20:24:35', 'LONG', 458, 25),
	(491, '2022-04-01 13:05:01', '2022-04-01 13:05:01', '2022-04-01 22:05:01', 'COMMON', 0, '2022-04-01 21:15:01', 'LONG', 458, 25),
	(494, '2022-04-01 13:08:47', '2022-04-01 13:08:47', '2022-04-01 22:08:47', 'COMMON', 0, '2022-04-01 21:18:47', 'LONG', NULL, 70),
	(495, '2022-04-01 13:59:28', '2022-04-01 13:59:28', '2022-04-01 22:59:27', 'COMMON', 0, '2022-04-01 22:09:27', 'LONG', NULL, 70),
	(496, '2022-04-01 14:00:28', '2022-04-01 14:00:28', '2022-04-01 23:00:26', 'COMMON', 0, '2022-04-01 22:10:26', 'LONG', 492, 25),
	(497, '2022-04-01 14:29:01', '2022-04-01 14:29:01', '2022-04-01 23:29:00', 'COMMON', 0, '2022-04-01 22:39:00', 'LONG', 220, 8),
	(498, '2022-04-01 14:50:09', '2022-04-01 14:50:09', '2022-04-01 23:50:09', 'COMMON', 0, '2022-04-01 23:00:09', 'LONG', NULL, 70),
	(499, '2022-04-01 14:51:27', '2022-04-01 14:51:27', '2022-04-01 23:51:27', 'COMMON', 0, '2022-04-01 23:01:27', 'LONG', 492, 25),
	(500, '2022-04-01 15:40:51', '2022-04-01 15:40:51', '2022-04-02 00:40:51', 'COMMON', 0, '2022-04-01 23:50:51', 'LONG', NULL, 70),
	(501, '2022-04-01 16:06:16', '2022-04-01 16:06:16', '2022-04-02 01:06:15', 'COMMON', 0, '2022-04-02 00:16:15', 'LONG', 492, 25),
	(502, '2022-04-01 16:31:33', '2022-04-01 16:31:33', '2022-04-02 01:31:33', 'COMMON', 0, '2022-04-02 00:41:33', 'LONG', NULL, 70),
	(503, '2022-04-01 17:19:13', '2022-04-01 17:19:13', '2022-04-02 02:19:13', 'COMMON', 0, '2022-04-02 01:29:13', 'LONG', 492, 25),
	(504, '2022-04-01 17:31:02', '2022-04-01 17:31:02', '2022-04-02 02:31:02', 'COMMON', 0, '2022-04-02 01:41:02', 'LONG', NULL, 70),
	(505, '2022-04-01 18:37:43', '2022-04-01 18:37:43', '2022-04-02 03:37:43', 'COMMON', 0, '2022-04-02 02:47:43', 'LONG', NULL, 70),
	(506, '2022-04-01 19:44:23', '2022-04-01 19:44:23', '2022-04-02 04:44:23', 'COMMON', 0, '2022-04-02 03:54:23', 'LONG', NULL, 70),
	(507, '2022-04-02 02:20:29', '2022-04-02 02:20:29', '2022-04-02 11:20:29', 'COMMON', 0, '2022-04-02 10:30:29', 'LONG', NULL, 70),
	(508, '2022-04-02 03:35:25', '2022-04-02 03:35:25', '2022-04-02 12:35:25', 'COMMON', 0, '2022-04-02 11:45:25', 'LONG', NULL, 70),
	(509, '2022-04-02 03:39:44', '2022-04-02 03:39:44', '2022-04-02 12:39:44', 'COMMON', 0, '2022-04-02 11:49:44', 'LONG', 256, 8),
	(510, '2022-04-02 04:41:00', '2022-04-02 04:41:00', '2022-04-02 13:41:00', 'COMMON', 0, '2022-04-02 12:51:00', 'LONG', NULL, 70),
	(511, '2022-04-02 05:39:32', '2022-04-02 05:39:32', '2022-04-02 14:39:32', 'COMMON', 0, '2022-04-02 13:49:32', 'LONG', NULL, 70),
	(512, '2022-04-02 06:07:14', '2022-04-02 06:07:14', '2022-04-02 15:07:14', 'COMMON', 0, '2022-04-02 14:17:14', 'LONG', 256, 8),
	(513, '2022-04-02 07:21:49', '2022-04-02 07:21:49', '2022-04-02 16:21:49', 'COMMON', 0, '2022-04-02 15:31:49', 'LONG', 256, 8),
	(514, '2022-04-02 08:05:00', '2022-04-02 08:05:00', '2022-04-02 17:05:01', 'COMMON', 0, '2022-04-02 16:15:01', 'LONG', NULL, 70),
	(515, '2022-04-02 08:31:13', '2022-04-02 08:31:13', '2022-04-02 17:31:13', 'COMMON', 0, '2022-04-02 16:41:13', 'LONG', 220, 8),
	(516, '2022-04-02 09:12:38', '2022-04-02 09:12:38', '2022-04-02 18:12:38', 'COMMON', 0, '2022-04-02 17:22:38', 'LONG', NULL, 70),
	(517, '2022-04-02 09:40:56', '2022-04-02 09:40:56', '2022-04-02 18:40:56', 'COMMON', 0, '2022-04-02 18:15:56', 'BASIC', 220, 8),
	(518, '2022-04-02 10:19:15', '2022-04-02 10:19:15', '2022-04-02 19:19:14', 'COMMON', 0, '2022-04-02 18:29:14', 'LONG', NULL, 70),
	(521, '2022-04-02 11:33:56', '2022-04-02 11:33:56', '2022-04-02 20:33:56', 'COMMON', 0, '2022-04-02 19:43:56', 'LONG', NULL, 70),
	(522, '2022-04-02 11:48:20', '2022-04-02 11:48:20', '2022-04-02 20:48:22', 'COMMON', 0, '2022-04-02 20:23:22', 'BASIC', 519, 2),
	(523, '2022-04-02 12:03:01', '2022-04-02 12:03:01', '2022-04-02 21:03:03', 'COMMON', 0, '2022-04-02 20:13:03', 'LONG', 492, 25),
	(524, '2022-04-02 12:38:31', '2022-04-02 12:38:31', '2022-04-02 21:38:31', 'COMMON', 0, '2022-04-02 20:48:31', 'LONG', NULL, 70),
	(533, '2022-04-02 13:29:14', '2022-04-02 13:29:14', '2022-04-02 22:29:14', 'COMMON', 0, '2022-04-02 21:39:14', 'LONG', NULL, 70),
	(534, '2022-04-02 13:31:20', '2022-04-02 13:31:20', '2022-04-02 22:31:22', 'COMMON', 0, '2022-04-02 22:06:22', 'BASIC', 529, 2),
	(537, '2022-04-02 14:03:18', '2022-04-02 14:03:18', '2022-04-02 23:03:20', 'COMMON', 0, '2022-04-02 22:13:20', 'LONG', 525, 25),
	(538, '2022-04-02 14:19:58', '2022-04-02 14:19:58', '2022-04-02 23:19:59', 'COMMON', 0, '2022-04-02 22:29:59', 'LONG', NULL, 70),
	(539, '2022-04-02 15:02:36', '2022-04-02 15:02:36', '2022-04-03 00:02:37', 'COMMON', 0, '2022-04-02 23:12:37', 'LONG', 535, 2),
	(540, '2022-04-02 15:50:18', '2022-04-02 15:50:18', '2022-04-03 00:50:18', 'COMMON', 0, '2022-04-03 00:00:18', 'LONG', NULL, 70),
	(541, '2022-04-02 16:07:09', '2022-04-02 16:07:09', '2022-04-03 01:07:08', 'COMMON', 0, '2022-04-03 00:42:08', 'BASIC', 222, 8),
	(542, '2022-04-02 16:17:22', '2022-04-02 16:17:22', '2022-04-03 01:17:24', 'COMMON', 0, '2022-04-03 00:27:24', 'LONG', 535, 2),
	(551, '2022-04-02 17:00:16', '2022-04-02 17:00:16', '2022-04-03 02:00:16', 'COMMON', 0, '2022-04-03 01:10:16', 'LONG', NULL, 70),
	(552, '2022-04-02 18:00:30', '2022-04-02 18:00:30', '2022-04-03 03:00:30', 'COMMON', 0, '2022-04-03 02:10:30', 'LONG', NULL, 70),
	(553, '2022-04-03 03:37:36', '2022-04-03 03:37:36', '2022-04-03 12:37:36', 'COMMON', 0, '2022-04-03 12:22:36', 'SHORT', 222, 8),
	(556, '2022-04-03 04:23:35', '2022-04-03 04:23:35', '2022-04-03 13:23:31', 'COMMON', 0, '2022-04-03 12:58:31', 'BASIC', 243, 1),
	(557, '2022-04-03 05:19:29', '2022-04-03 05:19:29', '2022-04-03 14:19:28', 'COMMON', 0, '2022-04-03 13:29:28', 'LONG', 554, 2),
	(558, '2022-04-03 05:51:29', '2022-04-03 05:51:29', '2022-04-03 14:51:28', 'COMMON', 0, '2022-04-03 14:26:28', 'BASIC', 200, 4),
	(561, '2022-04-03 06:23:20', '2022-04-03 06:23:20', '2022-04-03 15:23:20', 'COMMON', 0, '2022-04-03 14:58:20', 'BASIC', 200, 4),
	(562, '2022-04-03 06:59:00', '2022-04-03 06:59:00', '2022-04-03 15:59:00', 'COMMON', 0, '2022-04-03 15:09:00', 'LONG', NULL, 70),
	(563, '2022-04-03 07:01:37', '2022-04-03 07:01:37', '2022-04-03 16:01:37', 'COMMON', 0, '2022-04-03 15:36:37', 'BASIC', 380, 4),
	(564, '2022-04-03 07:28:19', '2022-04-03 07:28:19', '2022-04-03 16:28:19', 'COMMON', 0, '2022-04-03 16:03:19', 'BASIC', 380, 4),
	(565, '2022-04-03 07:55:07', '2022-04-03 07:55:07', '2022-04-03 16:55:06', 'COMMON', 0, '2022-04-03 16:30:06', 'BASIC', 222, 8),
	(566, '2022-04-03 07:56:25', '2022-04-03 07:56:25', '2022-04-03 16:56:25', 'COMMON', 0, '2022-04-03 16:31:25', 'BASIC', 380, 4),
	(567, '2022-04-03 08:09:45', '2022-04-03 08:09:45', '2022-04-03 17:09:45', 'COMMON', 0, '2022-04-03 16:19:45', 'LONG', NULL, 70),
	(568, '2022-04-03 08:33:26', '2022-04-03 08:33:26', '2022-04-03 17:33:26', 'COMMON', 0, '2022-04-03 17:18:26', 'SHORT', 380, 4),
	(569, '2022-04-03 08:54:32', '2022-04-03 08:54:32', '2022-04-03 17:54:31', 'COMMON', 0, '2022-04-03 17:39:31', 'SHORT', 222, 8),
	(570, '2022-04-03 09:35:53', '2022-04-03 09:35:53', '2022-04-03 18:35:57', 'COMMON', 0, '2022-04-03 17:45:57', 'LONG', 554, 2),
	(571, '2022-04-03 10:16:59', '2022-04-03 10:16:59', '2022-04-03 19:17:02', 'COMMON', 0, '2022-04-03 18:52:02', 'BASIC', 554, 2),
	(574, '2022-04-03 10:32:36', '2022-04-03 10:32:36', '2022-04-03 19:32:35', 'COMMON', 0, '2022-04-03 19:17:35', 'SHORT', 222, 8),
	(575, '2022-04-03 11:10:26', '2022-04-03 11:10:26', '2022-04-03 20:10:30', 'COMMON', 0, '2022-04-03 19:45:30', 'BASIC', 554, 2),
	(576, '2022-04-03 11:35:30', '2022-04-03 11:35:30', '2022-04-03 20:35:34', 'COMMON', 0, '2022-04-03 20:10:34', 'BASIC', 554, 2),
	(579, '2022-04-03 12:24:42', '2022-04-03 12:24:42', '2022-04-03 21:24:42', 'COMMON', 0, '2022-04-03 21:24:39', 'SHORT', 243, 1),
	(584, '2022-04-03 12:56:38', '2022-04-03 12:56:38', '2022-04-03 21:56:42', 'COMMON', 0, '2022-04-03 21:41:42', 'SHORT', 582, 96),
	(589, '2022-04-03 13:28:11', '2022-04-03 13:28:11', '2022-04-03 22:28:10', 'COMMON', 0, '2022-04-03 21:38:10', 'LONG', 222, 8),
	(590, '2022-04-03 13:51:45', '2022-04-03 13:51:45', '2022-04-03 22:51:45', 'COMMON', 0, '2022-04-03 22:01:45', 'LONG', 585, 7),
	(591, '2022-04-03 14:16:50', '2022-04-03 14:16:50', '2022-04-03 23:16:50', 'COMMON', 0, '2022-04-03 22:51:50', 'BASIC', 585, 7),
	(592, '2022-04-03 14:19:42', '2022-04-03 14:19:42', '2022-04-03 23:19:41', 'COMMON', 0, '2022-04-03 22:29:41', 'LONG', 222, 8),
	(597, '2022-04-03 14:50:49', '2022-04-03 14:50:49', '2022-04-03 23:50:48', 'COMMON', 0, '2022-04-03 23:25:48', 'BASIC', 258, 8),
	(602, '2022-04-03 15:41:18', '2022-04-03 15:41:18', '2022-04-04 00:41:16', 'COMMON', 0, '2022-04-03 23:51:16', 'LONG', 224, 8),
	(603, '2022-04-03 16:05:51', '2022-04-03 16:05:51', '2022-04-04 01:05:50', 'COMMON', 0, '2022-04-04 00:15:50', 'LONG', NULL, 70),
	(604, '2022-04-04 01:07:59', '2022-04-04 01:07:59', '2022-04-04 01:07:59', 'COMMON', 0, '2022-04-04 00:42:59', 'BASIC', 593, 96),
	(605, '2022-04-03 16:32:05', '2022-04-03 16:32:05', '2022-04-04 01:32:04', 'COMMON', 0, '2022-04-04 00:42:04', 'LONG', 224, 8),
	(606, '2022-04-03 16:47:54', '2022-04-03 16:47:54', '2022-04-04 01:47:53', 'COMMON', 0, '2022-04-04 01:32:53', 'SHORT', 224, 8),
	(607, '2022-04-03 17:02:51', '2022-04-03 17:02:51', '2022-04-04 02:02:51', 'COMMON', 0, '2022-04-04 01:47:51', 'SHORT', 382, 4),
	(608, '2022-04-03 17:50:44', '2022-04-03 17:50:44', '2022-04-04 02:50:43', 'COMMON', 0, '2022-04-04 02:00:43', 'LONG', NULL, 70),
	(609, '2022-04-03 18:21:19', '2022-04-03 18:21:19', '2022-04-04 03:21:20', 'COMMON', 0, '2022-04-04 02:56:20', 'BASIC', 595, 4),
	(612, '2022-04-03 18:47:27', '2022-04-03 18:47:27', '2022-04-04 03:47:28', 'COMMON', 0, '2022-04-04 03:22:28', 'BASIC', 610, 4),
	(613, '2022-04-03 19:13:01', '2022-04-03 19:13:01', '2022-04-04 04:13:00', 'COMMON', 0, '2022-04-04 03:48:00', 'BASIC', 610, 4),
	(616, '2022-04-04 00:52:18', '2022-04-04 00:52:18', '2022-04-04 09:52:17', 'COMMON', 0, '2022-04-04 09:02:17', 'LONG', NULL, 70),
	(623, '2022-04-04 03:59:53', '2022-04-04 03:59:53', '2022-04-04 12:59:52', 'COMMON', 0, '2022-04-04 12:09:52', 'LONG', NULL, 70),
	(626, '2022-04-04 04:21:44', '2022-04-04 04:21:44', '2022-04-04 13:21:44', 'COMMON', 0, '2022-04-04 12:56:44', 'BASIC', 378, 4),
	(627, '2022-04-04 04:27:15', '2022-04-04 04:27:15', '2022-04-04 13:27:14', 'COMMON', 0, '2022-04-04 13:02:14', 'BASIC', 587, 2),
	(628, '2022-04-04 04:43:06', '2022-04-04 04:43:06', '2022-04-04 13:43:06', 'COMMON', 0, '2022-04-04 13:18:06', 'BASIC', 624, 7),
	(629, '2022-04-04 04:47:22', '2022-04-04 04:47:22', '2022-04-04 13:47:22', 'COMMON', 0, '2022-04-04 13:22:22', 'BASIC', 378, 4),
	(630, '2022-04-04 04:52:23', '2022-04-04 04:52:23', '2022-04-04 13:52:22', 'COMMON', 0, '2022-04-04 13:27:22', 'BASIC', 587, 2),
	(631, '2022-04-04 04:56:50', '2022-04-04 04:56:50', '2022-04-04 13:56:49', 'COMMON', 0, '2022-04-04 13:06:49', 'LONG', NULL, 70),
	(632, '2022-04-04 05:08:09', '2022-04-04 05:08:09', '2022-04-04 14:08:09', 'COMMON', 0, '2022-04-04 13:43:09', 'BASIC', 624, 7),
	(637, '2022-04-04 05:41:58', '2022-04-04 05:41:58', '2022-04-04 14:41:57', 'COMMON', 0, '2022-04-04 14:16:57', 'BASIC', 378, 4),
	(638, '2022-04-04 05:46:59', '2022-04-04 05:46:59', '2022-04-04 14:46:58', 'COMMON', 0, '2022-04-04 13:56:58', 'LONG', NULL, 70),
	(639, '2022-04-04 06:02:32', '2022-04-04 06:02:32', '2022-04-04 15:02:31', 'COMMON', 0, '2022-04-04 14:37:31', 'BASIC', 587, 2),
	(640, '2022-04-04 06:18:58', '2022-04-04 06:18:58', '2022-04-04 15:18:58', 'COMMON', 0, '2022-04-04 14:28:58', 'LONG', 633, 1),
	(641, '2022-04-04 06:27:56', '2022-04-04 06:27:56', '2022-04-04 15:27:55', 'COMMON', 0, '2022-04-04 15:02:55', 'BASIC', 587, 2),
	(642, '2022-04-04 07:39:15', '2022-04-04 07:39:15', '2022-04-04 16:39:15', 'COMMON', 0, '2022-04-04 15:49:15', 'LONG', 633, 1),
	(643, '2022-04-04 08:16:21', '2022-04-04 08:16:21', '2022-04-04 17:16:20', 'COMMON', 0, '2022-04-04 16:26:20', 'LONG', NULL, 70),
	(644, '2022-04-04 08:53:32', '2022-04-04 08:53:32', '2022-04-04 17:53:31', 'COMMON', 0, '2022-04-04 17:28:31', 'BASIC', 468, 28),
	(651, '2022-04-04 09:06:42', '2022-04-04 09:06:42', '2022-04-04 18:06:41', 'COMMON', 0, '2022-04-04 17:16:41', 'LONG', NULL, 70),
	(652, '2022-04-04 09:27:40', '2022-04-04 09:27:40', '2022-04-04 18:27:40', 'COMMON', 0, '2022-04-04 18:02:40', 'BASIC', 645, 7),
	(653, '2022-04-04 10:56:46', '2022-04-04 10:56:46', '2022-04-04 19:56:46', 'COMMON', 0, '2022-04-04 19:06:46', 'LONG', NULL, 70),
	(658, '2022-04-04 11:03:05', '2022-04-04 11:03:05', '2022-04-04 20:03:05', 'COMMON', 0, '2022-04-04 19:13:05', 'LONG', 649, 7),
	(659, '2022-04-04 11:07:14', '2022-04-04 11:07:14', '2022-04-04 20:07:12', 'COMMON', 0, '2022-04-04 19:42:12', 'BASIC', NULL, 8),
	(660, '2022-04-04 11:55:00', '2022-04-04 11:55:00', '2022-04-04 20:55:00', 'COMMON', 0, '2022-04-04 20:05:00', 'LONG', 649, 7),
	(667, '2022-04-04 12:42:48', '2022-04-04 12:42:48', '2022-04-04 21:42:47', 'COMMON', 0, '2022-04-04 20:52:47', 'LONG', 525, 25),
	(668, '2022-04-04 12:58:00', '2022-04-04 12:58:00', '2022-04-04 21:57:58', 'COMMON', 0, '2022-04-04 21:07:58', 'LONG', 224, 8),
	(671, '2022-04-04 13:50:02', '2022-04-04 13:50:02', '2022-04-04 22:50:02', 'COMMON', 0, '2022-04-04 22:00:02', 'LONG', NULL, 70),
	(672, '2022-04-04 14:07:39', '2022-04-04 14:07:39', '2022-04-04 23:07:39', 'COMMON', 0, '2022-04-04 22:17:39', 'LONG', 619, 1),
	(673, '2022-04-04 14:11:40', '2022-04-04 14:11:40', '2022-04-04 23:11:38', 'COMMON', 0, '2022-04-04 22:21:38', 'LONG', 224, 8),
	(674, '2022-04-04 14:45:27', '2022-04-04 14:45:27', '2022-04-04 23:45:26', 'COMMON', 0, '2022-04-04 23:30:26', 'SHORT', 224, 8),
	(681, '2022-04-04 15:12:37', '2022-04-04 15:12:37', '2022-04-05 00:12:36', 'COMMON', 0, '2022-04-04 23:47:36', 'BASIC', 224, 8),
	(682, '2022-04-04 15:35:33', '2022-04-04 15:35:33', '2022-04-05 00:35:33', 'COMMON', 0, '2022-04-05 00:10:33', 'BASIC', 679, 2),
	(683, '2022-04-04 15:41:13', '2022-04-04 15:41:13', '2022-04-05 00:41:13', 'COMMON', 0, '2022-04-05 00:16:13', 'BASIC', 224, 8),
	(684, '2022-04-04 15:57:48', '2022-04-04 15:57:48', '2022-04-05 00:57:48', 'COMMON', 0, '2022-04-05 00:07:48', 'LONG', 525, 25),
	(685, '2022-04-04 16:01:11', '2022-04-04 16:01:11', '2022-04-05 01:01:11', 'COMMON', 0, '2022-04-05 00:36:11', 'BASIC', 679, 2),
	(688, '2022-04-04 16:26:50', '2022-04-04 16:26:50', '2022-04-05 01:26:50', 'COMMON', 0, '2022-04-05 01:01:50', 'BASIC', 679, 2),
	(689, '2022-04-04 16:41:27', '2022-04-04 16:41:27', '2022-04-05 01:41:27', 'COMMON', 0, '2022-04-05 01:16:27', 'BASIC', 224, 8),
	(690, '2022-04-04 16:49:58', '2022-04-04 16:49:58', '2022-04-05 01:49:58', 'COMMON', 0, '2022-04-05 01:24:58', 'BASIC', 686, 4),
	(691, '2022-04-04 16:57:12', '2022-04-04 16:57:12', '2022-04-05 01:57:12', 'COMMON', 0, '2022-04-05 01:42:12', 'SHORT', 224, 8),
	(692, '2022-04-04 17:04:28', '2022-04-04 17:04:28', '2022-04-05 02:04:28', 'COMMON', 0, '2022-04-05 01:14:28', 'LONG', NULL, 70),
	(693, '2022-04-04 17:12:18', '2022-04-04 17:12:18', '2022-04-05 02:12:18', 'COMMON', 0, '2022-04-05 01:57:18', 'SHORT', 224, 8),
	(694, '2022-04-04 17:18:53', '2022-04-04 17:18:53', '2022-04-05 02:18:53', 'COMMON', 0, '2022-04-05 01:53:53', 'BASIC', 686, 4),
	(695, '2022-04-04 17:44:12', '2022-04-04 17:44:12', '2022-04-05 02:44:11', 'COMMON', 0, '2022-04-05 02:19:11', 'BASIC', 686, 4),
	(696, '2022-04-04 18:12:26', '2022-04-04 18:12:26', '2022-04-05 03:12:26', 'COMMON', 0, '2022-04-05 02:47:26', 'BASIC', 686, 4),
	(699, '2022-04-04 18:55:33', '2022-04-04 18:55:33', '2022-04-05 03:55:32', 'COMMON', 0, '2022-04-05 03:30:32', 'BASIC', 697, 4),
	(704, '2022-04-05 00:45:50', '2022-04-05 00:45:50', '2022-04-05 09:45:50', 'COMMON', 0, '2022-04-05 08:55:50', 'LONG', 619, 1),
	(705, '2022-04-05 02:48:59', '2022-04-05 02:48:59', '2022-04-05 11:48:59', 'COMMON', 0, '2022-04-05 11:23:59', 'BASIC', 679, 2),
	(706, '2022-04-05 02:51:56', '2022-04-05 02:51:56', '2022-04-05 11:51:56', 'COMMON', 0, '2022-04-05 11:26:56', 'BASIC', 677, 7),
	(707, '2022-04-05 02:59:20', '2022-04-05 02:59:20', '2022-04-05 11:59:20', 'COMMON', 0, '2022-04-05 11:34:20', 'BASIC', 700, 8),
	(708, '2022-04-05 03:52:47', '2022-04-05 03:52:47', '2022-04-05 12:52:47', 'COMMON', 0, '2022-04-05 12:27:47', 'BASIC', 677, 7),
	(709, '2022-04-05 04:18:03', '2022-04-05 04:18:03', '2022-04-05 13:18:03', 'COMMON', 0, '2022-04-05 12:53:03', 'BASIC', 677, 7),
	(714, '2022-04-05 04:46:13', '2022-04-05 04:46:13', '2022-04-05 13:46:13', 'COMMON', 0, '2022-04-05 13:21:13', 'BASIC', 679, 2),
	(715, '2022-04-05 04:46:27', '2022-04-05 04:46:27', '2022-04-05 13:46:27', 'COMMON', 0, '2022-04-05 13:21:27', 'BASIC', 700, 8),
	(716, '2022-04-05 04:57:39', '2022-04-05 04:57:39', '2022-04-05 13:57:39', 'COMMON', 0, '2022-04-05 13:32:39', 'BASIC', 686, 4),
	(717, '2022-04-05 05:10:37', '2022-04-05 05:10:37', '2022-04-05 14:10:35', 'COMMON', 0, '2022-04-05 13:20:35', 'LONG', NULL, 70),
	(718, '2022-04-05 05:13:06', '2022-04-05 05:13:06', '2022-04-05 14:13:06', 'COMMON', 0, '2022-04-05 13:23:06', 'LONG', 710, 1),
	(719, '2022-04-05 05:36:19', '2022-04-05 05:36:19', '2022-04-05 14:36:19', 'COMMON', 0, '2022-04-05 13:46:19', 'LONG', 679, 2),
	(720, '2022-04-05 05:39:29', '2022-04-05 05:39:29', '2022-04-05 14:39:29', 'COMMON', 0, '2022-04-05 14:14:29', 'BASIC', 686, 4),
	(721, '2022-04-05 05:40:32', '2022-04-05 05:40:32', '2022-04-05 14:40:33', 'COMMON', 0, '2022-04-05 13:50:33', 'LONG', 525, 25),
	(724, '2022-04-05 05:52:11', '2022-04-05 05:52:11', '2022-04-05 14:52:11', 'COMMON', 0, '2022-04-05 14:27:11', 'BASIC', 677, 7),
	(725, '2022-04-05 05:58:21', '2022-04-05 05:58:21', '2022-04-05 14:58:21', 'COMMON', 0, '2022-04-05 14:08:21', 'LONG', 700, 8),
	(726, '2022-04-05 06:01:31', '2022-04-05 06:01:31', '2022-04-05 15:01:31', 'COMMON', 0, '2022-04-05 14:36:31', 'BASIC', 679, 2),
	(727, '2022-04-05 06:04:01', '2022-04-05 06:04:01', '2022-04-05 15:04:01', 'COMMON', 0, '2022-04-05 14:14:01', 'LONG', 710, 1),
	(728, '2022-04-05 06:07:22', '2022-04-05 06:07:22', '2022-04-05 15:07:21', 'COMMON', 0, '2022-04-05 14:42:21', 'BASIC', 722, 4),
	(729, '2022-04-05 06:34:53', '2022-04-05 06:34:53', '2022-04-05 15:34:53', 'COMMON', 0, '2022-04-05 15:09:53', 'BASIC', 679, 2),
	(730, '2022-04-05 06:37:45', '2022-04-05 06:37:45', '2022-04-05 15:37:44', 'COMMON', 0, '2022-04-05 15:12:44', 'BASIC', 722, 4),
	(731, '2022-04-05 06:49:21', '2022-04-05 06:49:21', '2022-04-05 15:49:21', 'COMMON', 0, '2022-04-05 14:59:21', 'LONG', 700, 8),
	(732, '2022-04-05 06:50:36', '2022-04-05 06:50:36', '2022-04-05 15:50:35', 'COMMON', 0, '2022-04-05 15:25:35', 'BASIC', 468, 28),
	(733, '2022-04-05 06:56:25', '2022-04-05 06:56:25', '2022-04-05 15:56:25', 'COMMON', 0, '2022-04-05 15:31:25', 'BASIC', 677, 7),
	(734, '2022-04-05 07:08:24', '2022-04-05 07:08:24', '2022-04-05 16:08:23', 'COMMON', 0, '2022-04-05 15:18:23', 'LONG', NULL, 70),
	(735, '2022-04-05 07:10:40', '2022-04-05 07:10:40', '2022-04-05 16:10:41', 'COMMON', 0, '2022-04-05 15:45:41', 'BASIC', 679, 2),
	(736, '2022-04-05 07:22:13', '2022-04-05 07:22:13', '2022-04-05 16:22:14', 'COMMON', 0, '2022-04-05 15:32:14', 'LONG', 572, 25),
	(737, '2022-04-05 07:39:26', '2022-04-05 07:39:26', '2022-04-05 16:39:26', 'COMMON', 0, '2022-04-05 15:49:26', 'LONG', 700, 8),
	(738, '2022-04-05 07:45:33', '2022-04-05 07:45:33', '2022-04-05 16:45:32', 'COMMON', 0, '2022-04-05 16:20:32', 'BASIC', 722, 4),
	(739, '2022-04-05 07:53:36', '2022-04-05 07:53:36', '2022-04-05 16:53:36', 'COMMON', 0, '2022-04-05 16:03:36', 'LONG', 468, 28),
	(742, '2022-04-05 08:12:51', '2022-04-05 08:12:51', '2022-04-05 17:12:52', 'COMMON', 0, '2022-04-05 16:22:52', 'LONG', 572, 25),
	(743, '2022-04-05 08:18:16', '2022-04-05 08:18:16', '2022-04-05 17:18:15', 'COMMON', 0, '2022-04-05 16:53:15', 'BASIC', 722, 4),
	(744, '2022-04-05 08:52:27', '2022-04-05 08:52:27', '2022-04-05 17:52:27', 'COMMON', 0, '2022-04-05 17:02:27', 'LONG', 740, 28),
	(745, '2022-04-05 09:02:56', '2022-04-05 09:02:56', '2022-04-05 18:02:57', 'COMMON', 0, '2022-04-05 17:12:57', 'LONG', 572, 25),
	(746, '2022-04-05 09:15:36', '2022-04-05 09:15:36', '2022-04-05 18:15:35', 'COMMON', 0, '2022-04-05 17:50:35', 'BASIC', 722, 4),
	(749, '2022-04-05 09:44:00', '2022-04-05 09:44:00', '2022-04-05 18:43:59', 'COMMON', 0, '2022-04-05 17:53:59', 'LONG', NULL, 70),
	(750, '2022-04-05 10:11:11', '2022-04-05 10:11:11', '2022-04-05 19:11:11', 'COMMON', 0, '2022-04-05 18:21:11', 'LONG', 747, 7),
	(753, '2022-04-05 10:34:01', '2022-04-05 10:34:01', '2022-04-05 19:34:00', 'COMMON', 0, '2022-04-05 18:44:00', 'LONG', NULL, 70),
	(754, '2022-04-05 10:37:10', '2022-04-05 10:37:10', '2022-04-05 19:37:11', 'COMMON', 0, '2022-04-05 19:22:11', 'SHORT', 751, 2),
	(755, '2022-04-05 10:55:31', '2022-04-05 10:55:31', '2022-04-05 19:55:31', 'COMMON', 0, '2022-04-05 19:55:21', 'SHORT', 751, 2),
	(756, '2022-04-05 10:56:13', '2022-04-05 10:56:13', '2022-04-05 19:56:13', 'COMMON', 0, '2022-04-05 19:56:08', 'BASIC', 751, 2),
	(757, '2022-04-05 10:56:43', '2022-04-05 10:56:43', '2022-04-05 19:56:43', 'COMMON', 0, '2022-04-05 19:56:42', 'SHORT', 751, 2),
	(758, '2022-04-05 10:57:02', '2022-04-05 10:57:02', '2022-04-05 19:57:02', 'COMMON', 0, '2022-04-05 19:56:57', 'BASIC', 751, 2),
	(759, '2022-04-05 10:58:44', '2022-04-05 10:58:44', '2022-04-05 19:58:44', 'COMMON', 0, '2022-04-05 19:58:43', 'SHORT', 751, 2),
	(760, '2022-04-05 10:58:58', '2022-04-05 10:58:58', '2022-04-05 19:58:58', 'COMMON', 0, '2022-04-05 19:58:53', 'BASIC', 751, 2),
	(761, '2022-04-05 10:59:11', '2022-04-05 10:59:11', '2022-04-05 19:59:11', 'COMMON', 0, '2022-04-05 19:59:10', 'SHORT', 751, 2),
	(762, '2022-04-05 10:59:57', '2022-04-05 10:59:57', '2022-04-05 19:59:56', 'COMMON', 0, '2022-04-05 19:59:55', 'SHORT', 751, 2),
	(763, '2022-04-05 11:00:36', '2022-04-05 11:00:36', '2022-04-05 20:00:36', 'COMMON', 0, '2022-04-05 20:00:31', 'BASIC', 751, 2),
	(766, '2022-04-05 11:04:10', '2022-04-05 11:04:10', '2022-04-05 20:04:10', 'COMMON', 0, '2022-04-05 20:04:09', 'SHORT', 764, 2),
	(767, '2022-04-05 11:04:29', '2022-04-05 11:04:29', '2022-04-05 20:04:29', 'COMMON', 0, '2022-04-05 20:04:24', 'BASIC', 764, 2),
	(768, '2022-04-05 11:04:37', '2022-04-05 11:04:37', '2022-04-05 20:04:37', 'COMMON', 0, '2022-04-05 20:04:36', 'SHORT', 764, 2),
	(769, '2022-04-05 11:04:42', '2022-04-05 11:04:42', '2022-04-05 20:04:42', 'COMMON', 0, '2022-04-05 20:04:41', 'SHORT', 764, 2),
	(770, '2022-04-05 11:05:15', '2022-04-05 11:05:15', '2022-04-05 20:05:15', 'COMMON', 0, '2022-04-05 20:05:10', 'SHORT', 764, 2),
	(771, '2022-04-05 11:05:28', '2022-04-05 11:05:28', '2022-04-05 20:05:28', 'COMMON', 0, '2022-04-05 20:05:23', 'BASIC', 764, 2),
	(772, '2022-04-05 11:10:03', '2022-04-05 11:10:03', '2022-04-05 20:10:03', 'COMMON', 0, '2022-04-05 19:45:03', 'BASIC', 751, 2),
	(773, '2022-04-05 11:16:19', '2022-04-05 11:16:19', '2022-04-05 20:16:19', 'COMMON', 0, '2022-04-05 19:26:19', 'LONG', 740, 28),
	(774, '2022-04-05 20:43:47', '2022-04-05 20:43:47', '2022-04-05 20:43:46', 'COMMON', 0, '2022-04-05 20:43:41', 'SHORT', 764, 2),
	(775, '2022-04-05 20:44:19', '2022-04-05 20:44:19', '2022-04-05 20:44:19', 'COMMON', 0, '2022-04-05 20:44:14', 'BASIC', 764, 2),
	(776, '2022-04-05 20:44:37', '2022-04-05 20:44:37', '2022-04-05 20:44:37', 'COMMON', 0, '2022-04-05 20:44:32', 'SHORT', 764, 2),
	(777, '2022-04-05 20:45:03', '2022-04-05 20:45:03', '2022-04-05 20:45:03', 'COMMON', 0, '2022-04-05 20:44:58', 'BASIC', 764, 2),
	(778, '2022-04-05 20:45:31', '2022-04-05 20:45:31', '2022-04-05 20:45:31', 'COMMON', 0, '2022-04-05 20:45:26', 'SHORT', 751, 2),
	(779, '2022-04-05 20:48:44', '2022-04-05 20:48:44', '2022-04-05 20:48:44', 'COMMON', 0, '2022-04-05 20:48:39', 'SHORT', 751, 2),
	(780, '2022-04-05 20:49:52', '2022-04-05 20:49:52', '2022-04-05 20:49:51', 'COMMON', 0, '2022-04-05 20:49:46', 'SHORT', 751, 2),
	(781, '2022-04-05 20:53:15', '2022-04-05 20:53:15', '2022-04-05 20:53:15', 'COMMON', 0, '2022-04-05 20:53:10', 'BASIC', 751, 2),
	(782, '2022-04-05 20:54:02', '2022-04-05 20:54:02', '2022-04-05 20:54:02', 'COMMON', 0, '2022-04-05 20:53:57', 'SHORT', 751, 2),
	(787, '2022-04-05 12:05:30', '2022-04-05 12:05:30', '2022-04-05 21:05:30', 'COMMON', 0, '2022-04-05 20:15:30', 'LONG', NULL, 70),
	(788, '2022-04-05 12:13:42', '2022-04-05 12:13:42', '2022-04-05 21:13:41', 'COMMON', 0, '2022-04-05 20:23:41', 'LONG', 740, 28),
	(789, '2022-04-05 12:40:27', '2022-04-05 12:40:27', '2022-04-05 21:40:27', 'COMMON', 0, '2022-04-05 21:15:27', 'BASIC', 785, 2),
	(790, '2022-04-05 12:40:30', '2022-04-05 12:40:30', '2022-04-05 21:40:29', 'COMMON', 0, '2022-04-05 21:15:29', 'BASIC', 722, 4),
	(793, '2022-04-05 12:45:58', '2022-04-05 12:45:58', '2022-04-05 21:45:58', 'COMMON', 0, '2022-04-05 21:30:58', 'SHORT', 675, 7),
	(796, '2022-04-05 13:08:30', '2022-04-05 13:08:30', '2022-04-05 22:08:30', 'COMMON', 0, '2022-04-05 21:18:30', 'LONG', 700, 8),
	(797, '2022-04-05 13:11:55', '2022-04-05 13:11:55', '2022-04-05 22:11:54', 'COMMON', 0, '2022-04-05 21:21:54', 'LONG', 740, 28),
	(798, '2022-04-05 13:13:16', '2022-04-05 13:13:16', '2022-04-05 22:13:15', 'COMMON', 0, '2022-04-05 21:48:15', 'BASIC', 791, 4),
	(799, '2022-04-05 13:16:32', '2022-04-05 13:16:32', '2022-04-05 22:16:32', 'COMMON', 0, '2022-04-05 21:26:32', 'LONG', NULL, 70),
	(800, '2022-04-05 13:30:54', '2022-04-05 13:30:54', '2022-04-05 22:30:54', 'COMMON', 0, '2022-04-05 21:40:54', 'LONG', 785, 2),
	(801, '2022-04-05 13:37:47', '2022-04-05 13:37:47', '2022-04-05 22:37:46', 'COMMON', 0, '2022-04-05 22:12:46', 'BASIC', 675, 7),
	(802, '2022-04-05 13:57:26', '2022-04-05 13:57:26', '2022-04-05 22:57:26', 'COMMON', 0, '2022-04-05 22:32:26', 'BASIC', 785, 2),
	(803, '2022-04-05 14:01:48', '2022-04-05 14:01:48', '2022-04-05 23:01:48', 'COMMON', 0, '2022-04-05 22:46:48', 'SHORT', 675, 7),
	(806, '2022-04-05 14:05:36', '2022-04-05 14:05:36', '2022-04-05 23:05:36', 'COMMON', 0, '2022-04-05 22:15:36', 'LONG', 700, 8),
	(807, '2022-04-05 14:26:57', '2022-04-05 14:26:57', '2022-04-05 23:26:57', 'COMMON', 0, '2022-04-05 22:36:57', 'LONG', NULL, 70),
	(808, '2022-04-05 14:34:12', '2022-04-05 14:34:12', '2022-04-05 23:34:11', 'COMMON', 0, '2022-04-05 23:09:11', 'BASIC', 791, 4),
	(809, '2022-04-05 14:36:48', '2022-04-05 14:36:48', '2022-04-05 23:36:50', 'COMMON', 0, '2022-04-05 22:46:50', 'LONG', 572, 25),
	(812, '2022-04-05 14:54:58', '2022-04-05 14:54:58', '2022-04-05 23:54:58', 'COMMON', 0, '2022-04-05 23:04:58', 'LONG', 804, 2),
	(813, '2022-04-05 14:56:34', '2022-04-05 14:56:34', '2022-04-05 23:56:33', 'COMMON', 0, '2022-04-05 23:06:33', 'LONG', 675, 7),
	(814, '2022-04-05 14:58:15', '2022-04-05 14:58:15', '2022-04-05 23:58:14', 'COMMON', 0, '2022-04-05 23:08:14', 'LONG', 702, 8),
	(819, '2022-04-05 15:28:43', '2022-04-05 15:28:43', '2022-04-06 00:28:42', 'COMMON', 0, '2022-04-05 23:38:42', 'LONG', NULL, 70),
	(820, '2022-04-05 15:31:50', '2022-04-05 15:31:50', '2022-04-06 00:31:52', 'COMMON', 0, '2022-04-05 23:41:52', 'LONG', 572, 25),
	(821, '2022-04-05 15:46:38', '2022-04-05 15:46:38', '2022-04-06 00:46:38', 'COMMON', 0, '2022-04-05 23:56:38', 'LONG', 675, 7),
	(822, '2022-04-05 15:49:40', '2022-04-05 15:49:40', '2022-04-06 00:49:39', 'COMMON', 0, '2022-04-05 23:59:39', 'LONG', 702, 8),
	(823, '2022-04-05 16:04:12', '2022-04-05 16:04:12', '2022-04-06 01:04:11', 'COMMON', 0, '2022-04-06 00:39:11', 'BASIC', 791, 4),
	(828, '2022-04-05 16:16:57', '2022-04-05 16:16:57', '2022-04-06 01:16:56', 'COMMON', 0, '2022-04-06 00:26:56', 'LONG', 817, 2),
	(829, '2022-04-05 16:22:49', '2022-04-05 16:22:49', '2022-04-06 01:22:48', 'COMMON', 0, '2022-04-06 00:32:48', 'LONG', NULL, 70),
	(830, '2022-04-05 16:29:35', '2022-04-05 16:29:35', '2022-04-06 01:29:34', 'COMMON', 0, '2022-04-06 01:04:34', 'BASIC', 722, 4),
	(831, '2022-04-05 16:31:18', '2022-04-05 16:31:18', '2022-04-06 01:31:18', 'COMMON', 0, '2022-04-06 01:06:18', 'BASIC', 826, 7),
	(832, '2022-04-05 16:31:37', '2022-04-05 16:31:37', '2022-04-06 01:31:37', 'COMMON', 0, '2022-04-06 00:41:37', 'LONG', 572, 25),
	(833, '2022-04-05 16:40:15', '2022-04-05 16:40:15', '2022-04-06 01:40:14', 'COMMON', 0, '2022-04-06 00:50:14', 'LONG', 702, 8),
	(834, '2022-04-05 16:55:24', '2022-04-05 16:55:24', '2022-04-06 01:55:24', 'COMMON', 0, '2022-04-06 01:30:24', 'BASIC', 794, 4),
	(835, '2022-04-05 17:06:31', '2022-04-05 17:06:31', '2022-04-06 02:06:30', 'COMMON', 0, '2022-04-06 01:41:30', 'BASIC', 702, 8),
	(836, '2022-04-05 17:13:25', '2022-04-05 17:13:25', '2022-04-06 02:13:24', 'COMMON', 0, '2022-04-06 01:23:24', 'LONG', NULL, 70),
	(837, '2022-04-05 17:20:43', '2022-04-05 17:20:43', '2022-04-06 02:20:42', 'COMMON', 0, '2022-04-06 01:55:42', 'BASIC', 794, 4),
	(838, '2022-04-05 17:51:29', '2022-04-05 17:51:29', '2022-04-06 02:51:28', 'COMMON', 0, '2022-04-06 02:26:28', 'BASIC', 794, 4),
	(839, '2022-04-05 17:54:01', '2022-04-05 17:54:01', '2022-04-06 02:54:01', 'COMMON', 0, '2022-04-06 02:04:01', 'LONG', 572, 25),
	(840, '2022-04-05 18:56:54', '2022-04-05 18:56:54', '2022-04-06 03:56:54', 'COMMON', 0, '2022-04-06 03:06:54', 'LONG', 572, 25),
	(841, '2022-04-05 19:23:47', '2022-04-05 19:23:47', '2022-04-06 04:23:47', 'COMMON', 0, '2022-04-06 03:58:47', 'BASIC', 572, 25),
	(844, '2022-04-06 01:47:16', '2022-04-06 01:47:16', '2022-04-06 10:47:15', 'COMMON', 0, '2022-04-06 10:22:15', 'BASIC', 702, 8),
	(845, '2022-04-06 01:50:43', '2022-04-06 01:50:43', '2022-04-06 10:50:44', 'COMMON', 0, '2022-04-06 10:00:44', 'LONG', 572, 25),
	(846, '2022-04-06 02:33:15', '2022-04-06 02:33:15', '2022-04-06 11:33:14', 'COMMON', 0, '2022-04-06 11:08:14', 'BASIC', 702, 8),
	(847, '2022-04-06 02:41:28', '2022-04-06 02:41:28', '2022-04-06 11:41:28', 'COMMON', 0, '2022-04-06 10:51:28', 'LONG', 572, 25),
	(848, '2022-04-06 02:48:22', '2022-04-06 02:48:22', '2022-04-06 11:48:21', 'COMMON', 0, '2022-04-06 11:33:21', 'SHORT', 702, 8),
	(857, '2022-04-06 03:01:57', '2022-04-06 03:01:57', '2022-04-06 12:01:57', 'COMMON', 0, '2022-04-06 11:36:57', 'BASIC', 842, 96),
	(870, '2022-04-06 03:31:52', '2022-04-06 03:31:52', '2022-04-06 12:31:53', 'COMMON', 0, '2022-04-06 11:41:53', 'LONG', 572, 25),
	(871, '2022-04-06 03:58:19', '2022-04-06 03:58:19', '2022-04-06 12:58:18', 'COMMON', 0, '2022-04-06 12:33:18', 'BASIC', 710, 1),
	(878, '2022-04-06 04:30:02', '2022-04-06 04:30:02', '2022-04-06 13:30:01', 'COMMON', 0, '2022-04-06 13:05:01', 'BASIC', 872, 4),
	(879, '2022-04-06 05:14:16', '2022-04-06 05:14:16', '2022-04-06 14:14:15', 'COMMON', 0, '2022-04-06 13:24:15', 'LONG', 876, 28),
	(880, '2022-04-06 05:16:54', '2022-04-06 05:16:54', '2022-04-06 14:16:54', 'COMMON', 0, '2022-04-06 13:26:54', 'LONG', 710, 1),
	(881, '2022-04-06 05:55:12', '2022-04-06 05:55:12', '2022-04-06 14:55:12', 'COMMON', 0, '2022-04-06 14:40:12', 'SHORT', 842, 2),
	(882, '2022-04-06 06:48:42', '2022-04-06 06:48:42', '2022-04-06 15:48:42', 'COMMON', 0, '2022-04-06 14:58:42', 'LONG', NULL, 70),
	(887, '2022-04-06 07:20:09', '2022-04-06 07:20:09', '2022-04-06 16:20:09', 'COMMON', 0, '2022-04-06 15:55:09', 'BASIC', 885, 2),
	(888, '2022-04-06 07:21:31', '2022-04-06 07:21:31', '2022-04-06 16:21:31', 'COMMON', 0, '2022-04-06 15:56:31', 'BASIC', NULL, 70),
	(889, '2022-04-06 07:36:37', '2022-04-06 07:36:37', '2022-04-06 16:36:37', 'COMMON', 0, '2022-04-06 16:21:37', 'SHORT', NULL, 70),
	(890, '2022-04-06 07:40:31', '2022-04-06 07:40:31', '2022-04-06 16:40:31', 'COMMON', 0, '2022-04-06 15:50:31', 'LONG', 883, 1),
	(891, '2022-04-06 08:14:26', '2022-04-06 08:14:26', '2022-04-06 17:14:26', 'COMMON', 0, '2022-04-06 16:59:26', 'SHORT', NULL, 70),
	(892, '2022-04-06 08:16:08', '2022-04-06 08:16:08', '2022-04-06 17:16:08', 'COMMON', 0, '2022-04-06 16:51:08', 'BASIC', 826, 7),
	(893, '2022-04-06 08:33:20', '2022-04-06 08:33:20', '2022-04-06 17:33:20', 'COMMON', 0, '2022-04-06 16:43:20', 'LONG', 883, 1),
	(894, '2022-04-06 08:50:56', '2022-04-06 08:50:56', '2022-04-06 17:50:56', 'COMMON', 0, '2022-04-06 17:00:56', 'LONG', 572, 25),
	(895, '2022-04-06 09:02:52', '2022-04-06 09:02:52', '2022-04-06 18:02:51', 'COMMON', 0, '2022-04-06 17:37:51', 'BASIC', 874, 8),
	(896, '2022-04-06 09:16:06', '2022-04-06 09:16:06', '2022-04-06 18:16:06', 'COMMON', 0, '2022-04-06 17:26:06', 'LONG', 826, 7),
	(897, '2022-04-06 09:24:02', '2022-04-06 09:24:02', '2022-04-06 18:24:01', 'COMMON', 0, '2022-04-06 18:09:01', 'SHORT', 874, 8),
	(900, '2022-04-06 09:32:57', '2022-04-06 09:32:57', '2022-04-06 18:32:55', 'COMMON', 0, '2022-04-06 17:42:55', 'LONG', 876, 28),
	(901, '2022-04-06 09:50:53', '2022-04-06 09:50:53', '2022-04-06 18:50:53', 'COMMON', 0, '2022-04-06 18:00:53', 'LONG', 572, 25),
	(902, '2022-04-06 10:15:08', '2022-04-06 10:15:08', '2022-04-06 19:15:09', 'COMMON', 0, '2022-04-06 18:25:09', 'LONG', 898, 24),
	(903, '2022-04-06 10:26:14', '2022-04-06 10:26:14', '2022-04-06 19:26:14', 'COMMON', 0, '2022-04-06 19:01:14', 'BASIC', 826, 7),
	(904, '2022-04-06 10:46:28', '2022-04-06 10:46:28', '2022-04-06 19:46:28', 'COMMON', 0, '2022-04-06 18:56:28', 'LONG', 572, 25),
	(905, '2022-04-06 11:49:33', '2022-04-06 11:49:33', '2022-04-06 20:49:33', 'COMMON', 0, '2022-04-06 19:59:33', 'LONG', 572, 25),
	(906, '2022-04-06 12:05:50', '2022-04-06 12:05:50', '2022-04-06 21:05:49', 'COMMON', 0, '2022-04-06 20:50:49', 'SHORT', 874, 8),
	(911, '2022-04-06 12:30:56', '2022-04-06 12:30:56', '2022-04-06 21:30:55', 'COMMON', 0, '2022-04-06 21:05:55', 'BASIC', 874, 8),
	(912, '2022-04-06 12:42:24', '2022-04-06 12:42:24', '2022-04-06 21:42:23', 'COMMON', 0, '2022-04-06 21:17:23', 'BASIC', 907, 1),
	(913, '2022-04-06 12:55:04', '2022-04-06 12:55:04', '2022-04-06 21:55:05', 'COMMON', 0, '2022-04-06 21:30:05', 'BASIC', 909, 2),
	(914, '2022-04-06 13:16:56', '2022-04-06 13:16:56', '2022-04-06 22:16:56', 'COMMON', 0, '2022-04-06 21:51:56', 'BASIC', 907, 1),
	(915, '2022-04-06 13:20:13', '2022-04-06 13:20:13', '2022-04-06 22:20:14', 'COMMON', 0, '2022-04-06 21:55:14', 'BASIC', 909, 2),
	(916, '2022-04-06 13:41:59', '2022-04-06 13:41:59', '2022-04-06 22:41:59', 'COMMON', 0, '2022-04-06 22:16:59', 'BASIC', 907, 1),
	(917, '2022-04-06 14:16:58', '2022-04-06 14:16:58', '2022-04-06 23:16:58', 'COMMON', 0, '2022-04-06 22:51:58', 'BASIC', 907, 1),
	(918, '2022-04-06 15:10:04', '2022-04-06 15:10:04', '2022-04-07 00:10:04', 'COMMON', 0, '2022-04-06 23:45:04', 'BASIC', 872, 4),
	(919, '2022-04-06 15:23:10', '2022-04-06 15:23:10', '2022-04-07 00:23:10', 'COMMON', 0, '2022-04-06 23:33:10', 'LONG', 572, 25),
	(920, '2022-04-06 15:44:46', '2022-04-06 15:44:46', '2022-04-07 00:44:46', 'COMMON', 0, '2022-04-07 00:19:46', 'BASIC', 872, 4),
	(921, '2022-04-06 16:24:29', '2022-04-06 16:24:29', '2022-04-07 01:24:29', 'COMMON', 0, '2022-04-07 00:59:29', 'BASIC', 872, 4),
	(922, '2022-04-06 16:53:46', '2022-04-06 16:53:46', '2022-04-07 01:53:46', 'COMMON', 0, '2022-04-07 01:28:46', 'BASIC', 722, 4),
	(923, '2022-04-06 17:18:34', '2022-04-06 17:18:34', '2022-04-07 02:18:34', 'COMMON', 0, '2022-04-07 01:28:34', 'LONG', 572, 25),
	(924, '2022-04-06 18:08:52', '2022-04-06 18:08:52', '2022-04-07 03:08:43', 'COMMON', 0, '2022-04-07 02:18:43', 'LONG', 572, 25),
	(925, '2022-04-06 18:09:48', '2022-04-06 18:09:48', '2022-04-07 03:09:48', 'COMMON', 0, '2022-04-07 02:44:48', 'BASIC', 907, 1),
	(926, '2022-04-06 19:00:55', '2022-04-06 19:00:55', '2022-04-07 04:00:55', 'COMMON', 0, '2022-04-07 03:10:55', 'LONG', 907, 1),
	(931, '2022-04-07 02:17:20', '2022-04-07 02:17:20', '2022-04-07 11:17:20', 'COMMON', 0, '2022-04-07 10:27:20', 'LONG', 907, 1),
	(944, '2022-04-07 05:17:40', '2022-04-07 05:17:40', '2022-04-07 14:17:41', 'COMMON', 0, '2022-04-07 14:02:41', 'SHORT', 936, 4),
	(949, '2022-04-07 05:52:30', '2022-04-07 05:52:30', '2022-04-07 14:52:32', 'COMMON', 0, '2022-04-07 14:02:32', 'LONG', 934, 2);
/*!40000 ALTER TABLE `pomodoro` ENABLE KEYS */;

-- 테이블 docong_test_v3.team 구조 내보내기
CREATE TABLE IF NOT EXISTS `team` (
  `seq` bigint(20) NOT NULL AUTO_INCREMENT,
  `created_date` datetime DEFAULT NULL,
  `modified_date` datetime DEFAULT NULL,
  `jiraapitoken` varchar(255) DEFAULT NULL,
  `jira_domain` varchar(255) DEFAULT NULL,
  `jira_project_key` varchar(255) DEFAULT NULL,
  `jira_user_id` varchar(255) DEFAULT NULL,
  `name` varchar(255) DEFAULT NULL,
  `slack_token` varchar(255) DEFAULT NULL,
  `slack_channel` varchar(255) DEFAULT NULL,
  PRIMARY KEY (`seq`)
) ENGINE=InnoDB AUTO_INCREMENT=46 DEFAULT CHARSET=utf8mb4;

-- 테이블 데이터 docong_test_v3.team:~8 rows (대략적) 내보내기
/*!40000 ALTER TABLE `team` DISABLE KEYS */;
INSERT INTO `team` (`seq`, `created_date`, `modified_date`, `jiraapitoken`, `jira_domain`, `jira_project_key`, `jira_user_id`, `name`, `slack_token`, `slack_channel`) VALUES
	(18, '2022-04-04 15:03:50', '2022-04-04 15:03:50', NULL, NULL, NULL, NULL, 'B5F1', 'xoxb-3345194627924-3340115321973-D4vahHNwzvyMWSpnn0XqsW6R', '#전자-연계-pjt'),
	(21, '2022-04-06 01:20:50', '2022-04-06 01:20:50', NULL, NULL, NULL, NULL, 'New Group', NULL, NULL),
	(44, '2022-04-06 02:56:00', '2022-04-06 02:56:00', NULL, NULL, NULL, NULL, 'polling test', NULL, NULL),
	(45, '2022-04-06 03:17:41', '2022-04-06 20:07:42', 'Cy/l0GBGF4Kr4aG9kl8+kehy098TXWI90AkQItyvAqs=', 'https://hyunse0.atlassian.net/', 'jlDdT1ysSdcNME0VJ2FP1FBF', 'https://hyunse0.atlassian.net/', '현서그룹', NULL, NULL);
/*!40000 ALTER TABLE `team` ENABLE KEYS */;

-- 테이블 docong_test_v3.team_user 구조 내보내기
CREATE TABLE IF NOT EXISTS `team_user` (
  `seq` bigint(20) NOT NULL AUTO_INCREMENT,
  `created_date` datetime DEFAULT NULL,
  `modified_date` datetime DEFAULT NULL,
  `leader` bit(1) DEFAULT NULL,
  `team_seq` bigint(20) DEFAULT NULL,
  `user_seq` bigint(20) DEFAULT NULL,
  PRIMARY KEY (`seq`),
  KEY `FKe736i42qay61nvnljyfeib1fp` (`team_seq`),
  KEY `FKhpay5exksk635i7xuyt1osr7s` (`user_seq`),
  CONSTRAINT `FKe736i42qay61nvnljyfeib1fp` FOREIGN KEY (`team_seq`) REFERENCES `team` (`seq`),
  CONSTRAINT `FKhpay5exksk635i7xuyt1osr7s` FOREIGN KEY (`user_seq`) REFERENCES `user` (`seq`)
) ENGINE=InnoDB AUTO_INCREMENT=80 DEFAULT CHARSET=utf8mb4;

-- 테이블 데이터 docong_test_v3.team_user:~13 rows (대략적) 내보내기
/*!40000 ALTER TABLE `team_user` DISABLE KEYS */;
INSERT INTO `team_user` (`seq`, `created_date`, `modified_date`, `leader`, `team_seq`, `user_seq`) VALUES
	(43, '2022-04-04 15:03:50', '2022-04-04 15:03:50', b'1', 18, 7),
	(45, '2022-04-04 15:04:48', '2022-04-04 15:04:48', b'0', 18, 2),
	(46, '2022-04-04 15:04:54', '2022-04-04 15:04:54', b'0', 18, 4),
	(47, '2022-04-04 15:07:24', '2022-04-04 15:07:24', b'0', 18, 8),
	(48, '2022-04-05 00:49:10', '2022-04-05 00:49:10', b'0', 18, 1),
	(49, '2022-04-05 00:49:19', '2022-04-05 00:49:19', b'0', 18, 6),
	(53, '2022-04-06 01:20:50', '2022-04-06 01:20:50', b'1', 21, 8),
	(76, '2022-04-06 02:56:00', '2022-04-06 02:56:00', b'1', 44, 2),
	(77, '2022-04-06 02:56:09', '2022-04-06 02:56:09', b'0', 44, 96),
	(78, '2022-04-06 03:17:41', '2022-04-06 03:17:41', b'1', 45, 4),
	(79, '2022-04-06 13:49:01', '2022-04-06 13:49:01', b'0', 18, 114);
/*!40000 ALTER TABLE `team_user` ENABLE KEYS */;

-- 테이블 docong_test_v3.todo 구조 내보내기
CREATE TABLE IF NOT EXISTS `todo` (
  `seq` bigint(20) NOT NULL,
  `created_date` datetime DEFAULT NULL,
  `modified_date` datetime DEFAULT NULL,
  `activate` bit(1) DEFAULT NULL,
  `content` varchar(255) DEFAULT NULL,
  `deleted` bit(1) DEFAULT NULL,
  `jira_issue_id` varchar(255) DEFAULT NULL,
  `predicted_pomo` int(11) DEFAULT NULL,
  `real_pomo` int(11) DEFAULT NULL,
  `status` int(11) DEFAULT NULL,
  `title` varchar(255) DEFAULT NULL,
  `work_importance` int(11) DEFAULT NULL,
  `work_proficiency` int(11) DEFAULT NULL,
  `work_type` int(11) DEFAULT NULL,
  `team_seq` bigint(20) DEFAULT NULL,
  PRIMARY KEY (`seq`),
  KEY `FKh662b5r77aq5bpgcsfq6d9fp7` (`team_seq`),
  CONSTRAINT `FKh662b5r77aq5bpgcsfq6d9fp7` FOREIGN KEY (`team_seq`) REFERENCES `team` (`seq`)
) ENGINE=InnoDB DEFAULT CHARSET=utf8mb4;

-- 테이블 데이터 docong_test_v3.todo:~177 rows (대략적) 내보내기
/*!40000 ALTER TABLE `todo` DISABLE KEYS */;
INSERT INTO `todo` (`seq`, `created_date`, `modified_date`, `activate`, `content`, `deleted`, `jira_issue_id`, `predicted_pomo`, `real_pomo`, `status`, `title`, `work_importance`, `work_proficiency`, `work_type`, `team_seq`) VALUES
	(1, '2022-03-29 05:10:00', '2022-04-04 00:53:00', b'0', 'KNN 모델 Docong 프로젝트 적용', b'1', NULL, 8, 0, 0, 'KNN 모델 DoCong 적용', 4, 0, 4, NULL),
	(3, '2022-03-29 05:12:16', '2022-03-29 05:17:52', b'0', '개발/릴리즈배포분리', b'0', NULL, 8, 0, 0, '배포', 2, 3, 4, NULL),
	(5, '2022-03-29 05:14:30', '2022-03-30 06:51:51', b'0', 'user가 참여한 전체 group 조회', b'0', NULL, 12, 20, 2, '[FE] Group 전체 조회 구현', 4, 1, 4, NULL),
	(7, '2022-03-29 05:21:40', '2022-04-06 01:44:49', b'0', '개발/릴리즈 분리 배포 시도', b'0', NULL, 8, 4, 0, '배포', 2, 3, 4, NULL),
	(9, '2022-03-29 05:22:50', '2022-03-29 05:46:32', b'0', 'fas', b'0', NULL, 2, 0, 1, 'xaas', 2, 2, 6, NULL),
	(11, '2022-03-29 05:23:06', '2022-03-29 05:23:58', b'0', 'test', b'1', NULL, 1, 0, 0, 'test', 2, 2, 16, NULL),
	(13, '2022-03-29 05:25:09', '2022-03-29 05:48:49', b'0', '.', b'0', NULL, 5, 0, 0, '설정 페이지 구현', 3, 2, 4, NULL),
	(15, '2022-03-29 05:25:43', '2022-03-29 05:25:43', b'0', '랭킹 헤더 수정 ', b'0', NULL, 2, 0, 0, '마이페이지 수정', 1, 2, 3, NULL),
	(17, '2022-03-29 05:28:23', '2022-03-29 08:31:38', b'0', '<script>console.log("hello")</script>', b'0', NULL, 11, 4, 1, '두콩써보기', 2, 2, 16, NULL),
	(19, '2022-03-29 05:33:18', '2022-03-30 04:48:34', b'0', 'Pomo 의 개수를 반으로 줄여서 시각화 진행\nTime 이 느리게 감소하는 문제 해결', b'1', NULL, 4, 0, 1, 'Timer 레이아웃 추가 작업', 4, 1, 4, NULL),
	(21, '2022-03-29 05:36:15', '2022-04-01 08:49:06', b'0', 'Spring Boot에서 Fashion 모델 로드', b'0', NULL, 10, 20, 1, 'Fashion 모델 로드', 3, 1, 4, NULL),
	(23, '2022-03-29 05:39:22', '2022-04-07 05:46:03', b'0', '못키면 바보', b'0', NULL, 5, 4, 2, 'BOJ 11967 불켜기', 4, 0, 14, NULL),
	(25, '2022-03-29 05:39:56', '2022-03-29 14:44:05', b'0', '서블릿에서 db와 연결하기', b'0', NULL, 5, 0, 2, '서블릿에서 db와 연결하기', 4, 2, 4, NULL),
	(27, '2022-03-29 05:40:04', '2022-03-29 10:04:44', b'0', '필기하기', b'0', NULL, 7, 0, 0, '자바스크립트 스터디', 4, 2, 14, NULL),
	(29, '2022-03-29 05:40:17', '2022-03-29 05:40:17', b'0', '- \n- \n- ', b'0', NULL, 1, 0, 0, '겅부', 4, 2, 14, NULL),
	(31, '2022-03-29 05:40:19', '2022-03-29 05:40:22', b'0', '카카오페이 API 학습 후 프로젝트에 적용해보기', b'0', NULL, 10, 0, 0, '카카오페이 API 연동', 3, 0, 4, NULL),
	(33, '2022-03-29 05:41:54', '2022-03-31 08:56:49', b'0', '특화 디자인', b'0', NULL, 12, 26, 2, '특화 모달 디자인', 2, 0, 2, NULL),
	(35, '2022-03-29 05:44:26', '2022-03-29 05:44:26', b'0', '티켓 flip 자연스럽게', b'0', NULL, 1, 0, 0, '티켓 flip 자연스럽게', 4, 0, 4, NULL),
	(37, '2022-03-29 05:45:37', '2022-03-29 05:45:51', b'0', '야구보기', b'0', NULL, 10, 0, 0, '야구보기', 4, 4, 11, NULL),
	(39, '2022-03-29 05:46:54', '2022-03-29 07:16:46', b'0', '1231233', b'0', NULL, 1, 1, 1, '123', 2, 2, 7, NULL),
	(41, '2022-03-29 05:47:11', '2022-03-29 06:09:14', b'0', '333333333', b'0', NULL, 1, 0, 1, '333333', 2, 2, 10, NULL),
	(43, '2022-03-29 05:47:16', '2022-03-29 06:09:07', b'0', '2222222', b'0', NULL, 1, 0, 1, '4444444', 2, 2, 13, NULL),
	(45, '2022-03-29 05:47:46', '2022-03-29 05:47:48', b'0', '44444444', b'0', NULL, 1, 0, 1, '4444444', 2, 2, 11, NULL),
	(47, '2022-03-29 05:48:59', '2022-03-29 07:48:41', b'0', '산소를 들이마셔 ATP 제작', b'0', NULL, 2, 4, 2, '끝내주게 숨쉬기', 4, 4, 9, NULL),
	(50, '2022-03-29 05:59:59', '2022-03-29 06:00:12', b'0', 'aws nginx proxy 기능 구현', b'0', NULL, 2, 0, 0, 'nginx docker 배포', 3, 1, 4, NULL),
	(56, '2022-03-29 06:13:57', '2022-03-29 09:32:54', b'0', '123', b'0', NULL, 1, 12, 0, '테스트', 0, 0, 5, NULL),
	(62, '2022-03-29 06:24:27', '2022-03-29 08:51:24', b'0', '인터뷰가 가능한지 전화하기', b'0', NULL, 1, 2, 2, '시각장애인 센터에 전화하기', 3, 1, 6, NULL),
	(64, '2022-03-29 06:25:38', '2022-04-01 00:53:05', b'0', '학습한 이미지를 분석해보고 새로운 이미지 셋을 구축해서 구분 성능을 향상시켜보자', b'0', NULL, 1, 4, 2, 'ML 성능 평가 분석하기 - 1', 4, 0, 4, NULL),
	(66, '2022-03-29 06:27:00', '2022-03-29 06:27:12', b'0', 'to do test', b'1', NULL, 1, 0, 0, 'to do test', 2, 2, 16, NULL),
	(68, '2022-03-29 06:27:21', '2022-03-29 06:27:21', b'0', 'to do test', b'0', NULL, 1, 0, 0, 'to do test', 2, 2, 0, NULL),
	(71, '2022-03-29 06:33:37', '2022-03-29 07:09:56', b'0', 'asdf', b'0', NULL, 1, 1, 0, 'asfd', 2, 2, 8, NULL),
	(73, '2022-03-29 06:38:06', '2022-03-29 07:11:39', b'0', 'gd', b'0', NULL, 1, 0, 0, 'gogo', 2, 2, 1, NULL),
	(75, '2022-03-29 06:38:34', '2022-03-29 06:39:23', b'0', 'ㅋㅋㅋ', b'0', NULL, 1, 0, 0, 'ㅋㅋ', 4, 4, 4, NULL),
	(77, '2022-03-29 06:42:12', '2022-03-29 07:21:11', b'0', '퇴사', b'0', NULL, 12, 2, 0, '퇴사', 4, 0, 16, NULL),
	(82, '2022-03-29 06:54:18', '2022-03-29 06:55:13', b'0', '인사하기', b'1', NULL, 4, 0, 0, '인사', 4, 0, 12, NULL),
	(84, '2022-03-29 06:55:16', '2022-03-29 06:56:45', b'0', '똔따기 귀엽게 따기', b'0', NULL, 1, 0, 0, '모야 똥쌀랭', 2, 2, 2, NULL),
	(87, '2022-03-29 06:55:59', '2022-03-29 06:56:18', b'0', 'asdf', b'1', NULL, 1, 0, 0, 'asdf', 4, 4, 9, NULL),
	(89, '2022-03-29 06:56:10', '2022-03-29 06:56:17', b'0', 'asdf', b'1', NULL, 12, 0, 0, 'asd', 2, 1, 12, NULL),
	(91, '2022-03-29 06:56:23', '2022-03-29 07:02:01', b'0', 'asdf', b'0', NULL, 1, 0, 1, 'asd', 2, 2, 9, NULL),
	(93, '2022-03-29 06:57:14', '2022-04-04 07:27:31', b'0', '싸피네트워크 공부', b'0', NULL, 4, 8, 2, '싸피네트워크 공부', 3, 2, 4, NULL),
	(95, '2022-03-29 06:57:39', '2022-03-29 06:57:39', b'0', '자기발견 ㄱㄱ', b'0', NULL, 2, 0, 0, '글쓰기', 2, 2, 16, NULL),
	(98, '2022-03-29 06:58:51', '2022-03-29 07:16:16', b'0', '(빈칸)', b'0', NULL, 2, 0, 1, 'SSAFY 멘토링 진행', 4, 2, 3, NULL),
	(103, '2022-03-29 07:15:00', '2022-03-29 09:29:18', b'0', '전문가리뷰진행\nC107\nC101\nC102\nC105', b'0', NULL, 3, 4, 0, '전문가리뷰', 3, 1, 7, NULL),
	(108, '2022-03-29 07:24:44', '2022-03-30 01:19:40', b'0', 'chart 추가', b'0', NULL, 1, 6, 0, 'pie chart', 2, 2, 4, NULL),
	(111, '2022-03-29 07:26:25', '2022-03-29 08:26:40', b'0', '알고리즘 풀기~~', b'0', NULL, 1, 2, 2, '1일 1알고리즘', 2, 2, 14, NULL),
	(119, '2022-03-29 07:49:35', '2022-03-29 07:49:35', b'0', 'ㄴㅇㄹ', b'0', NULL, 1, 0, 0, 'ㅇㄴㄹ', 1, 2, 3, NULL),
	(121, '2022-03-29 07:50:05', '2022-03-29 07:50:18', b'0', 'ㄹ', b'0', NULL, 1, 0, 0, 'ㄹ', 2, 2, 7, NULL),
	(131, '2022-03-29 08:16:20', '2022-03-29 08:20:40', b'0', 'ggg', b'0', NULL, 2, 0, 0, 'gg', 2, 2, 1, NULL),
	(134, '2022-03-29 08:28:13', '2022-03-29 08:29:48', b'0', '콩', b'0', NULL, 2, 0, 1, '콩내놔임마', 4, 2, 4, NULL),
	(147, '2022-03-29 10:03:49', '2022-03-29 10:47:38', b'0', 'ㅎㅇ', b'0', NULL, 5, 2, 1, 'ㅎㅇ', 2, 2, 4, NULL),
	(150, '2022-03-29 10:53:44', '2022-04-03 12:45:18', b'0', '알고리즘 실력 향상을 위한 문제 풀이', b'1', NULL, 6, 8, 1, '알고리즘 학습', 3, 2, 14, NULL),
	(153, '2022-03-29 11:17:33', '2022-03-30 17:41:06', b'0', 'UCC 시나리오 만들기', b'0', NULL, 2, 4, 2, 'UCC 시나리오', 4, 1, 0, NULL),
	(155, '2022-03-29 11:59:53', '2022-03-29 12:25:21', b'0', '랭킹 시스템 개선', b'0', NULL, 2, 0, 2, '랭킹 시스템 개선', 4, 2, 4, NULL),
	(159, '2022-03-29 12:25:50', '2022-03-29 14:05:32', b'0', '알고리즘 2문제', b'0', NULL, 4, 5, 2, '알고리즘 풀기', 3, 3, 4, NULL),
	(161, '2022-03-29 12:35:05', '2022-03-29 12:35:31', b'0', 'jj', b'0', NULL, 1, 0, 2, 'jj', 2, 2, 8, NULL),
	(165, '2022-03-29 13:02:41', '2022-03-29 15:14:04', b'0', '요구사항 분석', b'0', NULL, 1, 6, 2, '요구사항 분석', 3, 2, 1, NULL),
	(169, '2022-03-29 13:43:34', '2022-04-02 16:26:22', b'0', 'sdds', b'1', '10008', 1, 0, 1, 'Jira', 1, 1, 1, NULL),
	(171, '2022-03-29 13:43:34', '2022-04-02 16:25:01', b'0', '설명!', b'1', '10001', NULL, 0, 0, 'Todo', 1, 1, 1, NULL),
	(176, '2022-03-29 14:10:46', '2022-03-30 13:51:43', b'0', '과제 완성하기', b'0', NULL, 4, 8, 0, '과제하기', 4, 2, 14, NULL),
	(181, '2022-03-29 14:34:51', '2022-03-30 05:50:54', b'0', '자소서 오늘은 제발', b'0', NULL, 1, 20, 0, '자소서쓰기', 4, 2, 13, NULL),
	(185, '2022-03-29 15:17:13', '2022-03-29 16:21:40', b'0', '프로그래머스 가장 먼 노드 풀이', b'0', NULL, 1, 2, 2, '알고리즘 1문제 풀이', 0, 4, 14, NULL),
	(188, '2022-03-29 15:18:22', '2022-04-04 04:02:10', b'0', 'Group Todo 기능 구현', b'0', NULL, 5, 18, 2, 'Group Todo 기능 구현', 4, 2, 4, NULL),
	(190, '2022-03-29 15:20:56', '2022-03-29 16:54:42', b'0', '프로그래머스 그래프(가장 먼 노드) 문제 풀기', b'0', NULL, 1, 4, 2, '알고리즘 문제', 2, 2, 14, NULL),
	(195, '2022-03-29 15:39:46', '2022-04-05 07:19:14', b'0', 'Jira 연동 exception 처리', b'1', NULL, 4, 0, 1, 'Jira 연동 exception 처리', 4, 1, 4, NULL),
	(198, '2022-03-29 15:48:02', '2022-03-30 03:54:17', b'0', '개인/그룹/통합 뽀모시간', b'0', NULL, 2, 4, 2, '시각화 API 짜기 - 1', 4, 2, 4, NULL),
	(200, '2022-03-29 15:48:24', '2022-04-03 06:34:27', b'0', '그룹 내에 속한 팀원들의 뽀모 순위', b'0', NULL, 2, 12, 2, '시각화 API 짜기 - 2', 4, 2, 4, NULL),
	(220, '2022-03-30 00:13:32', '2022-04-02 09:41:04', b'0', '사용자 Pomo 데이터 통계 시각화', b'0', NULL, 8, 17, 2, '사용자 Pomo 데이터 통계 시각화 1', 4, 0, 6, NULL),
	(222, '2022-03-30 00:13:57', '2022-04-03 14:25:26', b'0', '사용자 Pomo 데이터 통계 시각화', b'0', NULL, 8, 15, 2, '사용자 Pomo 데이터 통계 시각화 2', 4, 1, 6, NULL),
	(224, '2022-03-30 00:14:49', '2022-04-05 00:25:13', b'0', '사용자 Pomo 데이터 통계 시각화', b'0', NULL, 8, 14, 2, '사용자 Pomo 데이터 통계 시각화 3', 3, 2, 6, NULL),
	(226, '2022-03-30 00:16:25', '2022-03-31 08:56:52', b'0', '모달 클릭 시 값 정보 넘기기', b'0', NULL, 12, 40, 2, '특화 모달 클릭 효과', 2, 0, 4, NULL),
	(233, '2022-03-30 02:08:12', '2022-03-30 02:08:24', b'0', '논문 가볍게 훑어보고, 정리하기', b'0', NULL, 3, 0, 1, 'ATLAS 논문 리딩', 4, 4, 4, NULL),
	(243, '2022-03-30 03:15:51', '2022-04-03 12:48:22', b'0', '시각화 API 구현', b'0', NULL, 8, 21, 2, '시각화 API 구현', 4, 2, 4, NULL),
	(252, '2022-03-30 04:39:05', '2022-04-01 08:47:02', b'0', '업무별 뽀모 시간 통계 API', b'0', NULL, 7, 4, 2, '업무별 뽀모 시간 통계 API', 3, 3, 4, NULL),
	(254, '2022-03-30 04:43:05', '2022-04-02 07:22:25', b'0', '회원가입 페이지의 로고 누르면 Login 으로 Navigate\n날짜 onChange 문제 해결\n회원가입 창에서 로그인 버튼을 누르는 경우 경고창', b'0', NULL, 4, 5, 2, 'User 관련 이슈 해결', 3, 2, 5, NULL),
	(256, '2022-03-30 04:43:50', '2022-04-02 07:22:13', b'0', '작은 화면에서 레이아웃 깨짐 해결\n백그라운드 환경에서 지연 해결\n화이트노이즈 기능\nTimer 페이지에서 Timer 탭 비활성화', b'0', NULL, 8, 12, 2, 'Timer 관련 이슈 해결', 4, 1, 5, NULL),
	(258, '2022-03-30 04:45:26', '2022-04-03 14:51:02', b'0', 'Todo 에 Cong 개수 \'08\' 과 같이 입력하면 null 오류', b'0', NULL, 1, 2, 2, 'Kanban Board 관련 이슈 해결', 2, 3, 5, NULL),
	(260, '2022-03-30 04:46:54', '2022-04-05 00:34:03', b'0', '사용자 Pomo 데이터 통계 시각화', b'0', NULL, 8, 0, 0, '사용자 Pomo 데이터 통계 시각화 4', 3, 2, 6, NULL),
	(263, '2022-03-30 04:47:34', '2022-04-03 12:37:44', b'0', 'Todo Activate 에 따라 Block 처리\nGroup 페이지에 다른 사용자의 접근 제한', b'0', NULL, 4, 0, 0, 'Group 관련 이슈 해결', 3, 2, 4, NULL),
	(267, '2022-03-30 05:06:01', '2022-03-30 08:58:37', b'0', '프로젝트', b'0', NULL, 10, 8, 1, '프로젝트', 2, 2, 4, NULL),
	(270, '2022-03-30 05:14:39', '2022-03-30 05:14:39', b'0', '논문 훑어보기 ', b'0', NULL, 3, 0, 0, 'ATLAS 논문 스터디', 4, 2, 1, NULL),
	(273, '2022-03-30 05:27:23', '2022-04-01 05:50:46', b'0', '뿌신다 푼다 ', b'0', NULL, 7, 14, 2, 'BOJ 1339 단어수학', 2, 2, 14, NULL),
	(280, '2022-03-30 05:47:18', '2022-03-31 09:24:07', b'0', 'KMeans Java API 구현', b'0', NULL, 10, 8, 2, 'KMeans Java 구현', 4, 1, 4, NULL),
	(284, '2022-03-30 05:57:21', '2022-03-30 05:57:50', b'0', 'qrwq', b'0', NULL, 1, 0, 0, 'egr', 2, 2, 9, NULL),
	(304, '2022-03-30 07:35:11', '2022-03-30 14:35:20', b'0', '되랍~!', b'1', NULL, 1, 0, 1, '그룹 투두 테스트', 4, 2, 5, NULL),
	(306, '2022-03-30 07:37:44', '2022-04-02 16:18:48', b'0', 'test', b'1', NULL, 1, 0, 0, 'test', 4, 2, 5, NULL),
	(309, '2022-03-30 07:49:21', '2022-03-30 08:41:08', b'0', '문의 API', b'0', NULL, 2, 4, 0, '문의API', 4, 4, 4, NULL),
	(323, '2022-03-30 09:38:32', '2022-03-30 10:00:49', b'0', '팔굽혀펴기 100개', b'0', NULL, 1, 1, 0, ' 운동하기', 2, 0, 16, NULL),
	(327, '2022-03-30 09:55:59', '2022-03-30 10:42:22', b'0', '이력서를 수정해야해요...', b'0', NULL, 6, 2, 2, '이력서 쓰기', 4, 2, 13, NULL),
	(330, '2022-03-30 10:26:35', '2022-03-30 10:26:48', b'0', '데모 코드 실행 및 테스트\n개발환경 구성', b'0', NULL, 4, 0, 1, 'ATLAS 데모 작동', 2, 3, 4, NULL),
	(334, '2022-03-30 11:08:42', '2022-03-31 08:21:35', b'0', '이건 풀어라\n', b'0', NULL, 5, 4, 2, 'SWEA D4 최소스패닝트리', 2, 2, 14, NULL),
	(341, '2022-03-30 12:28:00', '2022-03-30 12:28:28', b'0', 'test2', b'1', NULL, 1, 0, 0, 'test1', 2, 2, 7, NULL),
	(343, '2022-03-30 12:28:05', '2022-03-30 12:28:29', b'0', 'test', b'1', NULL, 1, 0, 0, 'test', 2, 2, 7, NULL),
	(345, '2022-03-30 12:28:11', '2022-03-30 12:28:31', b'0', 'test', b'1', NULL, 1, 0, 0, 'test', 2, 2, 10, NULL),
	(347, '2022-03-30 12:28:15', '2022-03-30 12:28:32', b'0', 't', b'1', NULL, 1, 0, 0, 't', 2, 2, 0, NULL),
	(349, '2022-03-30 12:28:20', '2022-03-30 12:28:34', b'0', 'ts', b'1', NULL, 1, 0, 0, 'ts', 2, 2, 7, NULL),
	(351, '2022-03-30 12:37:03', '2022-03-30 14:41:49', b'0', 'test5', b'1', NULL, 1, 0, 0, 'test4', 2, 2, 8, NULL),
	(362, '2022-03-30 14:19:03', '2022-04-01 08:47:03', b'0', '알고리즘', b'0', NULL, 2, 4, 2, '알고리즘 풀기', 3, 3, 4, NULL),
	(364, '2022-03-30 14:37:04', '2022-04-02 16:20:29', b'0', 'tes', b'1', NULL, 1, 0, 0, 'ettest', 2, 2, 5, NULL),
	(367, '2022-03-30 15:03:20', '2022-04-04 22:34:24', b'0', '삭제 테스트', b'1', NULL, 1, 0, 0, '삭제 테스트', 2, 2, 5, NULL),
	(372, '2022-03-30 15:31:11', '2022-03-31 08:56:55', b'0', '모달 값 api 넘겨주기', b'0', NULL, 12, 40, 2, '특화 모달 값 넘겨주기', 4, 0, 4, NULL),
	(378, '2022-03-30 16:35:51', '2022-04-04 16:24:01', b'0', '미팅 전 발표 자료 준비', b'0', NULL, 3, 6, 2, '발표 자료 준비', 3, 3, 13, NULL),
	(380, '2022-03-30 16:45:24', '2022-04-03 14:44:02', b'0', '시각화 API 테스트 코드 짜기', b'0', NULL, 2, 7, 2, '시각화 API 테스트 코드', 3, 1, 4, NULL),
	(382, '2022-03-30 16:46:00', '2022-04-03 17:03:05', b'0', 'Jira 연동 req, res\n시각화 API 부분', b'0', NULL, 1, 1, 2, 'API 명세서 작성', 3, 2, 13, NULL),
	(394, '2022-03-31 01:05:08', '2022-04-04 08:43:05', b'0', '123', b'0', NULL, 6, 0, 2, '213', 4, 4, 2, NULL),
	(397, '2022-03-31 01:22:42', '2022-03-31 06:46:00', b'0', '자소서쓰기', b'0', NULL, 6, 12, 2, '자소서', 3, 2, 14, NULL),
	(410, '2022-03-31 05:51:31', '2022-03-31 05:51:31', b'0', 'stda', b'0', NULL, 1, 0, 0, 'sdt', 1, 1, 5, NULL),
	(421, '2022-03-31 08:57:21', '2022-04-01 01:53:55', b'0', '특화 배열 값 넘겨주기', b'0', NULL, 12, 40, 2, '특화 배열 값 넘겨주기', 4, 0, 4, NULL),
	(424, '2022-03-31 09:29:12', '2022-03-31 10:10:06', b'0', '3월 모평 수학', b'0', NULL, 2, 0, 1, '3월 모의고사 수학', 4, 1, 14, NULL),
	(434, '2022-03-31 12:27:21', '2022-04-01 16:39:27', b'0', '프로그래머스 입국심사', b'0', NULL, 4, 8, 2, '알고리즘 문제', 2, 2, 14, NULL),
	(436, '2022-03-31 12:28:53', '2022-03-31 12:28:53', b'0', 'tset \'\n\n\nwf', b'0', NULL, 12, 0, 0, 'test', 1, 2, 5, NULL),
	(458, '2022-04-01 01:54:28', '2022-04-01 13:05:43', b'0', '모달에 있는 값을 겉 페이지에 보여주기', b'0', NULL, 12, 40, 2, '특화 값 띄워주기', 4, 0, 4, NULL),
	(468, '2022-04-01 05:50:42', '2022-04-07 05:46:06', b'0', '비트마스킹이래;\n개어려운거', b'0', NULL, 10, 14, 2, 'BOJ 1194 달이차오른다가자', 2, 1, 14, NULL),
	(492, '2022-04-01 13:08:02', '2022-04-02 12:49:24', b'0', '특화 마이 페이지 디자인', b'0', NULL, 10, 20, 2, '특화 마이 페이지 디자인', 2, 2, 2, NULL),
	(519, '2022-04-02 11:10:08', '2022-04-02 12:54:59', b'0', 'Groups 배열에서 알맞는 Group정보 가져오기', b'0', NULL, 3, 2, 2, 'Group 가져오기', 4, 2, 4, NULL),
	(525, '2022-04-02 12:49:44', '2022-04-05 06:31:46', b'0', '특화 nav, footer 디자인 수정', b'0', NULL, 2, 4, 2, '특화 nav, footer 디자인 수정', 2, 2, 2, NULL),
	(527, '2022-04-02 12:52:37', '2022-04-03 12:36:59', b'0', 'ㅇ', b'1', NULL, 1, 0, 0, '다섯번째 그룹 투두테스트', 0, 2, 6, NULL),
	(529, '2022-04-02 12:55:27', '2022-04-04 04:02:04', b'0', 'Todo를 가지고 있는 그룹 삭제시 에러 해결', b'0', NULL, 5, 2, 2, 'Todo 보유한 그룹 삭제시 에러 해결', 4, 3, 4, NULL),
	(531, '2022-04-02 22:24:56', '2022-04-03 12:20:35', b'0', 'test', b'1', NULL, 1, 0, 0, 'test', 1, 1, 7, NULL),
	(535, '2022-04-02 13:48:34', '2022-04-03 13:21:15', b'0', 'group member 관련 페이지 구현', b'0', NULL, 10, 8, 2, 'group member 관련 페이지 구현', 4, 1, 4, NULL),
	(543, '2022-04-02 16:24:50', '2022-04-02 16:24:56', b'0', 'ㅅㄷㄴㅅ', b'1', NULL, 1, 0, 0, 'ㅅㄷㄴㅅ', 2, 2, 8, NULL),
	(545, '2022-04-02 16:26:33', '2022-04-02 16:27:04', b'0', 'ㅅㄷ', b'1', NULL, 1, 0, 0, 'ㅅㄷㄴ', 2, 2, 6, NULL),
	(547, '2022-04-02 16:27:11', '2022-04-02 16:27:22', b'0', 'ㅅㄷㄴ', b'1', NULL, 1, 0, 0, 'ㅅㄷㄴ', 2, 2, 7, NULL),
	(549, '2022-04-02 16:27:16', '2022-04-02 16:27:25', b'0', 'ㄷㅈㄱ', b'1', NULL, 1, 0, 0, '3', 2, 2, 7, NULL),
	(554, '2022-04-03 03:54:05', '2022-04-03 12:07:00', b'0', '자소서쓰기', b'0', NULL, 8, 12, 2, 'LG CNS', 4, 2, 16, NULL),
	(559, '2022-04-03 06:07:09', '2022-04-03 14:44:09', b'0', 'LG CNS 자소서!!!!!!', b'1', NULL, 3, 0, 0, '자소서 쓰기', 4, 1, 16, NULL),
	(572, '2022-04-03 10:26:31', '2022-04-06 18:08:52', b'0', '특화 UCC 영상 편집', b'0', NULL, 12, 58, 1, '특화 UCC 영상 편집', 4, 0, 11, NULL),
	(577, '2022-04-03 12:21:08', '2022-04-03 23:29:14', b'0', 'test', b'1', NULL, 2, 0, 0, 'test3', 2, 2, 6, NULL),
	(580, '2022-04-03 12:36:53', '2022-04-03 12:36:59', b'0', 'test5', b'1', NULL, 1, 0, 0, 'test45', 2, 2, 6, NULL),
	(582, '2022-04-03 12:41:34', '2022-04-03 12:56:38', b'0', '테스트', b'0', NULL, 1, 1, 0, '통계 페이지 테스트', 2, 2, 5, NULL),
	(585, '2022-04-03 13:01:36', '2022-04-03 14:21:01', b'0', '알고리즘 풀기', b'0', NULL, 3, 6, 2, '알고리즘 1문제', 3, 3, 4, NULL),
	(587, '2022-04-03 13:22:00', '2022-04-05 07:52:53', b'0', 'group member on/offline 구현', b'0', NULL, 12, 6, 1, 'group member on/offline ', 3, 1, 4, NULL),
	(593, '2022-04-03 23:29:25', '2022-04-06 14:25:13', b'0', 'testtest', b'1', NULL, 3, 2, 0, 'testtest', 2, 2, 5, NULL),
	(595, '2022-04-03 14:44:41', '2022-04-03 18:21:38', b'0', 'Jira 연동 데이터 default 값 넣기', b'0', NULL, 2, 2, 2, 'Jira 연동 데이터 default 값 넣기', 4, 2, 4, NULL),
	(598, '2022-04-04 00:15:16', '2022-04-06 14:25:15', b'0', 'tes', b'1', NULL, 1, 0, 0, 'tes', 2, 2, 5, NULL),
	(600, '2022-04-04 00:15:42', '2022-04-04 00:16:55', b'0', 'tt', b'1', NULL, 1, 0, 0, 'tt', 2, 2, 5, NULL),
	(610, '2022-04-03 18:22:20', '2022-04-03 19:13:10', b'0', '관리자 여부 확인', b'0', NULL, 2, 4, 2, 'Jira 연동 API 수정', 2, 1, 4, NULL),
	(614, '2022-04-03 19:23:03', '2022-04-05 07:19:11', b'0', '쌓인 데이터로 상관관계 분석을 해보자', b'1', NULL, 2, 0, 0, '상관관계 분석', 3, 3, 6, NULL),
	(617, '2022-04-04 00:53:32', '2022-04-05 04:21:55', b'0', '시각화 API 문서화 \n', b'0', NULL, 2, 0, 1, '시각화 API 문서화', 2, 2, 13, NULL),
	(619, '2022-04-04 00:53:54', '2022-04-05 06:49:08', b'0', '시각화 API 합치기\n', b'0', NULL, 4, 8, 2, '시각화 API 합치기', 2, 2, 4, NULL),
	(621, '2022-04-04 00:54:24', '2022-04-04 16:51:30', b'0', '나레이션 녹음 하기', b'0', NULL, 2, 0, 1, 'UCC 후시녹음하기', 2, 2, 16, NULL),
	(624, '2022-04-04 04:18:02', '2022-04-04 05:32:16', b'0', '과제리뷰', b'0', NULL, 2, 4, 2, '과제리뷰 ppt', 2, 3, 9, NULL),
	(633, '2022-04-04 05:28:46', '2022-04-04 07:39:15', b'0', '잔디 API 구현\n', b'0', NULL, 8, 8, 1, '잔디 API 구현하기', 2, 2, 4, NULL),
	(635, '2022-04-04 05:34:08', '2022-04-05 07:07:30', b'0', 'MM 연동 ', b'1', NULL, 4, 0, 1, 'MM 연동 ', 3, 3, 14, NULL),
	(645, '2022-04-04 09:00:19', '2022-04-04 09:31:07', b'0', '리뷰일지 작성', b'0', NULL, 1, 2, 2, '리뷰일지 작성', 4, 4, 13, NULL),
	(647, '2022-04-04 09:01:28', '2022-04-07 05:07:23', b'0', '면접준비', b'0', NULL, 8, 0, 2, '면접준비', 4, 0, 14, NULL),
	(649, '2022-04-04 09:01:46', '2022-04-04 15:03:20', b'0', '알고리즘 1문제', b'0', NULL, 3, 4, 2, '알고리즘 1문제', 2, 3, 4, NULL),
	(654, '2022-04-04 20:00:21', '2022-04-04 20:00:25', b'0', 'test', b'1', NULL, 1, 0, 0, 'test', 2, 2, 4, NULL),
	(656, '2022-04-04 20:00:40', '2022-04-04 22:34:24', b'0', 'test', b'1', NULL, 1, 0, 0, 'test', 2, 2, 5, NULL),
	(661, '2022-04-04 21:28:16', '2022-04-04 22:34:24', b'0', 'todo 테스트', b'1', NULL, 6, 0, 0, 'todo 테스트', 0, 3, 3, NULL),
	(663, '2022-04-04 21:28:28', '2022-04-04 22:34:24', b'0', 'ㅇ', b'1', NULL, 1, 0, 0, 'ㅇ', 2, 2, 6, NULL),
	(665, '2022-04-04 21:28:34', '2022-04-04 22:34:24', b'0', 'ㅇ', b'1', NULL, 1, 0, 0, 'ㅇ', 2, 2, 6, NULL),
	(669, '2022-04-04 13:46:44', '2022-04-04 13:49:49', b'0', 'test', b'1', NULL, 1, 0, 0, 'testff', 2, 2, 6, NULL),
	(675, '2022-04-04 15:05:43', '2022-04-05 15:46:54', b'0', 'ML 서빙', b'0', NULL, 5, 12, 2, 'ML', 4, 1, 4, 18),
	(677, '2022-04-04 15:06:06', '2022-04-05 07:06:16', b'0', '슬랙연결', b'0', NULL, 4, 6, 2, 'Slack연결', 3, 3, 4, 18),
	(679, '2022-04-04 15:06:48', '2022-04-06 13:00:38', b'0', 'Group on/offline 구현', b'0', NULL, 10, 10, 2, 'on/offline 구현', 3, 2, 4, 18),
	(686, '2022-04-04 16:22:26', '2022-04-05 05:39:57', b'0', '발표 ppt 구성', b'0', NULL, 4, 10, 2, '발표 ppt 구성', 4, 2, 0, 18),
	(697, '2022-04-04 18:30:28', '2022-04-04 19:01:46', b'0', 'EDA 진행', b'0', NULL, 1, 2, 2, '탐색적 데이터 분석', 3, 3, 6, 18),
	(700, '2022-04-05 00:29:08', '2022-04-05 14:07:49', b'0', '사용자 Pomo 데이터 통계 시각화', b'0', NULL, 8, 16, 2, '사용자 Pomo 데이터 통계 시각화', 4, 2, 6, 18),
	(702, '2022-04-05 00:30:30', '2022-04-06 04:11:07', b'0', 'Group 레이아웃 작업', b'0', NULL, 8, 19, 2, 'Group 레이아웃 작업', 4, 3, 2, 18),
	(710, '2022-04-05 04:23:03', '2022-04-06 06:49:52', b'0', '시각화 API 수정', b'0', NULL, 8, 6, 2, '시각화 API 수정', 2, 2, 4, 18),
	(712, '2022-04-05 04:35:42', '2022-04-07 02:57:40', b'0', '막판 스퍼트 뭐야! 머슀어...', b'1', NULL, 12, 0, 1, '대박ㅇㅅㅇ', 2, 0, 7, 18),
	(722, '2022-04-05 05:40:38', '2022-04-07 05:04:16', b'0', '표지, 상단바 만들기\n그래프 보기 좋게 작업\n폰트 적용', b'0', NULL, 5, 6, 2, 'ppt 꾸미기', 4, 1, 13, 18),
	(740, '2022-04-05 08:02:24', '2022-04-05 14:52:26', b'0', '자소서뿌시기', b'0', NULL, 6, 12, 2, '신세계 지원', 3, 2, 16, NULL),
	(747, '2022-04-05 09:21:05', '2022-04-05 10:11:35', b'0', '모든 Worktype에 대해 ', b'0', NULL, 2, 0, 2, 'worktype API 수정', 3, 3, 4, 18),
	(751, '2022-04-05 10:22:05', '2022-04-06 06:54:10', b'0', 'Group Todo 테스트', b'1', NULL, 3, 11, 0, 'Group Todo 테스트', 3, 2, 5, 18),
	(764, '2022-04-05 11:03:52', '2022-04-05 12:00:07', b'0', 'User todo 테스트', b'0', NULL, 5, 9, 1, 'user todo 테스트', 4, 2, 5, NULL),
	(783, '2022-04-05 11:59:33', '2022-04-05 11:59:36', b'0', 'test', b'1', NULL, 1, 0, 0, 'test', 2, 2, 5, 18),
	(785, '2022-04-05 12:01:50', '2022-04-05 14:03:26', b'0', 'Group Analysis API 연동\n1. 그룹잔디\n2. 그룹랭킹\n3. 시간대별 뽀모(그룹통합)', b'0', NULL, 6, 8, 2, 'Group Analysis API 연동', 3, 2, 4, 18),
	(791, '2022-04-05 12:43:34', '2022-04-05 16:04:21', b'0', '도입부 보충\n시간에 맞춰서 내용 생략\n흐름을 부드럽게 다듬기!', b'0', NULL, 2, 6, 2, '스크립트 다듬기', 4, 3, 13, 18),
	(794, '2022-04-05 12:46:12', '2022-04-06 04:04:03', b'0', '주현영처럼 말안하게 연습하기....', b'0', NULL, 2, 6, 2, '내 안의 주현영 죽이기...', 4, 3, 16, 18),
	(804, '2022-04-05 14:04:13', '2022-04-05 15:05:54', b'0', 'Group Analysis 페이지 구현\n* 그룹 잔디\n* 그룹 랭킹\n* 그룹 시간대별 뽀모', b'0', NULL, 4, 4, 2, 'Group Analysis 페이지 구현', 4, 1, 4, 18),
	(810, '2022-04-05 14:52:09', '2022-04-05 14:52:59', b'0', '못켜면 바보', b'1', NULL, 2, 0, 0, 'BOJ 11967 불켜기', 3, 2, 14, NULL),
	(815, '2022-04-05 15:12:39', '2022-04-06 05:01:40', b'0', '시연 리허설을 해보자', b'0', NULL, 1, 0, 1, '시연 연습', 2, 3, 16, NULL),
	(817, '2022-04-05 15:12:40', '2022-04-05 16:17:36', b'0', 'Slack 연동 버튼\nSlack 연동 Form 구현', b'0', NULL, 2, 4, 2, 'Slack 연동 버튼 구현', 1, 3, 4, 18),
	(824, '2022-04-05 16:04:59', '2022-04-05 16:05:51', b'0', 'ML 성능향상', b'1', NULL, 4, 0, 1, 'ML 성능향상', 2, 2, 4, 18),
	(826, '2022-04-05 16:06:10', '2022-04-07 05:09:16', b'0', 'UCC제작', b'0', NULL, 7, 10, 1, 'UCC제작', 3, 1, 9, 18),
	(842, '2022-04-06 01:23:01', '2022-04-06 06:53:54', b'0', 'Group Todo 페이지 Polling 적용', b'0', NULL, 4, 3, 2, 'Group Todo Polling', 3, 2, 4, 18),
	(849, '2022-04-06 02:56:53', '2022-04-06 04:15:07', b'0', 'test', b'1', NULL, 1, 0, 1, 'test', 2, 2, 5, 44),
	(851, '2022-04-06 03:01:00', '2022-04-06 06:05:04', b'0', '1', b'0', NULL, 1, 0, 1, '1', 2, 2, 5, 44),
	(853, '2022-04-06 03:01:17', '2022-04-06 03:05:07', b'0', 'eeeee', b'0', NULL, 1, 0, 1, 'eee', 2, 2, 5, 44),
	(855, '2022-04-06 03:01:28', '2022-04-06 03:04:22', b'0', 'eeeeeee', b'0', NULL, 1, 0, 1, 'ee', 2, 2, 5, 44),
	(858, '2022-04-06 03:04:37', '2022-04-06 04:26:22', b'0', 'rerere', b'0', NULL, 1, 0, 1, 'rere', 2, 2, 5, 44),
	(860, '2022-04-06 03:04:41', '2022-04-06 12:29:19', b'0', 'eer', b'0', NULL, 1, 0, 0, 'ee', 2, 2, 6, 44),
	(862, '2022-04-06 03:05:01', '2022-04-06 03:05:01', b'0', '4324', b'0', NULL, 1, 0, 0, '2342', 2, 2, 6, 44),
	(864, '2022-04-06 03:05:17', '2022-04-06 03:05:17', b'0', '44', b'0', NULL, 1, 0, 0, '444', 2, 2, 5, 44),
	(866, '2022-04-06 03:05:49', '2022-04-06 03:05:49', b'0', '234234', b'0', NULL, 1, 0, 0, '34224', 2, 2, 5, 44),
	(868, '2022-04-06 03:06:00', '2022-04-06 03:06:00', b'0', '3334342', b'0', NULL, 1, 0, 0, '423333', 2, 2, 7, 44),
	(872, '2022-04-06 04:04:41', '2022-04-07 05:04:19', b'0', '발표 피드백 준비', b'0', NULL, 2, 8, 2, '발표 피드백 준비 및 반영', 4, 2, 16, 18),
	(874, '2022-04-06 04:21:37', '2022-04-07 05:04:06', b'0', 'UI/UX 개선 및 버그 수정', b'0', NULL, 2, 6, 2, 'UI/UX 개선 및 버그 수정', 3, 3, 5, 18),
	(876, '2022-04-06 04:24:06', '2022-04-07 05:46:05', b'0', ' MST?', b'0', NULL, 6, 8, 2, 'BOJ 2239 게리맨더링', 2, 2, 14, NULL),
	(883, '2022-04-06 06:50:28', '2022-04-06 12:16:40', b'0', '플라스크 도커에 올리기', b'0', NULL, 8, 8, 2, '플라스크 도커에 올리기', 3, 0, 4, 18),
	(885, '2022-04-06 06:55:00', '2022-04-06 13:10:51', b'0', 'onTimer state 사용', b'0', NULL, 3, 2, 2, 'User onTimer 구현 수정', 4, 3, 4, 18),
	(898, '2022-04-06 09:25:01', '2022-04-06 10:15:08', b'0', '특화 PPT !', b'0', NULL, 6, 4, 1, 'PPT', 4, 2, 4, NULL),
	(907, '2022-04-06 12:17:21', '2022-04-07 05:04:06', b'0', 'README.md 작성하기', b'0', NULL, 8, 18, 2, 'README.md 작성하기', 3, 0, 13, 18),
	(909, '2022-04-06 12:18:31', '2022-04-06 14:22:01', b'0', 'Activate에 따른 Todo Block 처리', b'0', NULL, 6, 4, 2, 'Todo Block 처리', 2, 3, 4, 18),
	(927, '2022-04-06 22:02:19', '2022-04-06 22:02:22', b'0', 'ㅌㅌ', b'0', NULL, 2, 0, 1, 'ㅌㅌ', 2, 2, 4, NULL),
	(929, '2022-04-07 01:28:40', '2022-04-07 02:57:25', b'0', '개인회고남기기', b'1', NULL, 4, 0, 1, '개인회고남기기', 4, 3, 13, 18),
	(932, '2022-04-07 02:33:33', '2022-04-07 02:57:30', b'0', '개인 회고 남기기', b'1', NULL, 4, 0, 1, '개인 회고 남기기', 4, 3, 13, 18),
	(934, '2022-04-07 05:02:16', '2022-04-07 05:52:30', b'0', '프로젝트 마무리!', b'0', NULL, 4, 4, 1, '마무리!!', 4, 3, 5, 18),
	(936, '2022-04-07 05:02:29', '2022-04-07 05:17:40', b'0', '이벤트 후기 공유하기!', b'0', NULL, 1, 1, 1, '이벤트 후기 공유하기!', 2, 0, 7, 18),
	(938, '2022-04-07 05:07:15', '2022-04-07 05:07:27', b'0', '문서화하기', b'1', NULL, 3, 0, 0, '문서화하기', 3, 3, 13, NULL),
	(940, '2022-04-07 05:07:40', '2022-04-07 05:16:48', b'0', '문서화하기', b'1', NULL, 3, 0, 1, '문서화하기', 3, 3, 13, NULL),
	(942, '2022-04-07 05:17:03', '2022-04-07 05:17:29', b'0', '문서화하기', b'0', NULL, 3, 0, 1, '문서화하기', 3, 3, 13, NULL),
	(945, '2022-04-07 05:21:54', '2022-04-07 05:22:09', b'0', '개인 회고 남기기', b'1', NULL, 4, 0, 1, '개인 회고 남기기', 4, 3, 13, 18),
	(947, '2022-04-07 05:22:41', '2022-04-07 05:23:11', b'0', '개인 회고 남기기', b'0', NULL, 4, 0, 1, '개인 회고 남기기', 4, 3, 13, 18);
/*!40000 ALTER TABLE `todo` ENABLE KEYS */;

-- 테이블 docong_test_v3.user 구조 내보내기
CREATE TABLE IF NOT EXISTS `user` (
  `seq` bigint(20) NOT NULL AUTO_INCREMENT,
  `activate` bit(1) DEFAULT NULL,
  `birth` varchar(255) DEFAULT NULL,
  `email` varchar(255) DEFAULT NULL,
  `gender` varchar(255) DEFAULT NULL,
  `image` varchar(255) DEFAULT NULL,
  `job` varchar(255) DEFAULT NULL,
  `mbti` varchar(255) DEFAULT NULL,
  `name` varchar(255) DEFAULT NULL,
  `oauth_type` varchar(255) DEFAULT NULL,
  `password` varchar(255) DEFAULT NULL,
  `position` varchar(255) DEFAULT NULL,
  `refresh_token` varchar(255) DEFAULT NULL,
  `tier` varchar(255) DEFAULT NULL,
  `online` bit(1) DEFAULT NULL,
  PRIMARY KEY (`seq`)
) ENGINE=InnoDB AUTO_INCREMENT=125 DEFAULT CHARSET=utf8mb4;

-- 테이블 데이터 docong_test_v3.user:~117 rows (대략적) 내보내기
/*!40000 ALTER TABLE `user` DISABLE KEYS */;
INSERT INTO `user` (`seq`, `activate`, `birth`, `email`, `gender`, `image`, `job`, `mbti`, `name`, `oauth_type`, `password`, `position`, `refresh_token`, `tier`, `online`) VALUES
	(1, b'1', '1996-03-13T15:00:00.000Z', 'rnsqka9924@gmail.com', 'MALE', 'https://lh3.googleusercontent.com/a/AATXAJzlUGRjei2ktd-aGSADmjQfx0oB6rzeQy1OiOQv=s96-c', 'IT/인터넷', 'ESTJ', '[B5F1] 영훈', 'google', '$2a$10$xT1V/Qf3sCWJBfRnFSb7DeOz944gPRslXriFclE6X1QXLopkokuDK', '0', 'eyJ0eXAiOiJKV1QiLCJhbGciOiJIUzUxMiJ9.eyJzdWIiOiJybnNxa2E5OTI0QGdtYWlsLmNvbSIsImV4cCI6MTY1MDQ3Njc5NSwiZW1haWwiOiJybnNxa2E5OTI0QGdtYWlsLmNvbSJ9.6ApPuxQJxX_KT9yP78D5i1HBTeGMyVPi2tKMqnqvC0Ur5rXVhPieIjEJrZ0Il0mQjnn0bH_FiN1wVjNQvsLkcw', '0', b'0'),
	(2, b'1', '1998-01-24T00:00:00.000Z', 'hyeseung0124@gmail.com', 'FEMALE', 'https://lh3.googleusercontent.com/a/AATXAJwKJDn2cymUwW2p4e4lJz0QL4MXFlpXB2YT3qWO=s96-c', 'IT/인터넷', 'ISFP', '[B5F1] 혜승', 'google', '$2a$10$yMhbOOWGsv0D04AnMJrCOO0IN10/bFSgCdFUUcwfxu301KYVlYTaq', '0', 'eyJ0eXAiOiJKV1QiLCJhbGciOiJIUzUxMiJ9.eyJzdWIiOiJoeWVzZXVuZzAxMjRAZ21haWwuY29tIiwiZXhwIjoxNjUwNDYzNzM2LCJlbWFpbCI6Imh5ZXNldW5nMDEyNEBnbWFpbC5jb20ifQ.PTeAD4ZCoJFeHOe4PxUTZi4Hw8-JxC56O0Z2Z75yYupl_WT8qk8Ku8kY4igBIk0qh29CJVohNwqYEj3muKM0fw', '1', b'0'),
	(3, b'1', '1970-01-09T00:00:00.000Z', 'docongs003@gmail.com', 'FEMALE', 'https://lh3.googleusercontent.com/a/AATXAJw5j_gaDIm0oJ8Cw34sRUFr_Nu_sUdGTDSe1X2G=s96-c', '경영/사무', 'ESFP', '[B5F1]', 'google', '$2a$10$B6EC3d09pH5CEdIhoYh3bOQD/htOb2FvwRjdzWcPOmcxxoVdF81Hq', '0', 'eyJ0eXAiOiJKV1QiLCJhbGciOiJIUzUxMiJ9.eyJzdWIiOiJkb2NvbmdzMDAzQGdtYWlsLmNvbSIsImV4cCI6MTY1MDE5Nzg0OCwiZW1haWwiOiJkb2NvbmdzMDAzQGdtYWlsLmNvbSJ9.7lw_5AUDO8axR7yt_aJiwOT_pYB5CBOWj6kilUemfUJXjv1XE6s6wSeNSX6nzTluGeh3kTQNaGDyWQgZPbmYIA', '0', b'0'),
	(4, b'1', '1996-01-04T15:00:00.000Z', 'hhs28166139@gmail.com', 'FEMALE', 'https://lh3.googleusercontent.com/a/AATXAJzXfzCp6SV02EUpoK1x5dj8O-eEs_4MX5B4oaRR=s96-c', 'IT/인터넷', 'ENFP', '[B5F1] 현서', 'google', '$2a$10$udO9pyTjDuPq0jmKhO2QIul2g9JNdUKWtn4CIXMkTFymGawIr2sA.', '0', 'eyJ0eXAiOiJKV1QiLCJhbGciOiJIUzUxMiJ9.eyJzdWIiOiJoaHMyODE2NjEzOUBnbWFpbC5jb20iLCJleHAiOjE2NTAzODEwMjUsImVtYWlsIjoiaGhzMjgxNjYxMzlAZ21haWwuY29tIn0.Nd2P0FUY_UKjqY2wr-BzXOeQHxTaHbsWMJ4N6XdpRSDLfD-cuRY8Rad7QYwpA6iw8-3j_c4u7EXwNx8vVf8FFQ', '0', b'0'),
	(5, b'1', NULL, 'lns960712@gmail.com', 'MALE', 'https://lh3.googleusercontent.com/a/AATXAJyOXqGzn-mn_jdvKRmNuAP7HhHC6rkXRVoTU6S3=s96-c', 'IT/인터넷', 'ESFJ', 'ᄋᄂᄉᄂᄋ', 'google', '$2a$10$m506e5CzudE5x3T/G6n8weh7stPMNQMlBK2U/blfqtydX4oDRlUDG', '0', 'eyJ0eXAiOiJKV1QiLCJhbGciOiJIUzUxMiJ9.eyJzdWIiOiJsbnM5NjA3MTJAZ21haWwuY29tIiwiZXhwIjoxNjUwNDE3NjkzLCJlbWFpbCI6Imxuczk2MDcxMkBnbWFpbC5jb20ifQ.ldddfohWNkGEZQWAkIMT2OjmglsqAnr5-ri-33q3yXp0wlOsWhGHa3jTIFuVWGbmzPIdwlwkssbMHtoufbDkiw', '0', b'0'),
	(6, b'1', '2022-03-29T05:50:59.000Z', 'lns960712@naver.com', 'MALE', NULL, 'IT/인터넷', 'ESFJ', '[B5F1] 남수', 'native', '$2a$10$9VeoFgzTbz1sM5wIcM0QD.QxGlKLJj19uxs02.Qwh8kMJtNxEmmui', '0', 'eyJ0eXAiOiJKV1QiLCJhbGciOiJIUzUxMiJ9.eyJzdWIiOiJsbnM5NjA3MTJAbmF2ZXIuY29tIiwiZXhwIjoxNjUwNDE4ODMzLCJlbWFpbCI6Imxuczk2MDcxMkBuYXZlci5jb20ifQ.22fZPooI6Kx1mxx3F2b1D2nMJIrkYTa1ObhPLMlxlehYJyHHyA2ZXEvAJ_p1iaIXCErCu5pmwJQqsQB_UCT52w', '0', b'0'),
	(7, b'1', '1997-12-14T00:00:00.000Z', 'wjddma1214@gmail.com', 'FEMALE', 'https://lh3.googleusercontent.com/a/AATXAJyg_GiIR6LJ3Dud51w9g2gn1zv19Dn7fzhfBYuf5w=s96-c', 'IT/인터넷', 'ESTP', '정음', 'google', '$2a$10$PfwtkhqPhDdfkGaVeEakWO50XA/bhk7xZJvc5i1QiX5OM5sdhL562', '0', 'eyJ0eXAiOiJKV1QiLCJhbGciOiJIUzUxMiJ9.eyJzdWIiOiJ3amRkbWExMjE0QGdtYWlsLmNvbSIsImV4cCI6MTY1MDUxNzU2OSwiZW1haWwiOiJ3amRkbWExMjE0QGdtYWlsLmNvbSJ9.cegqIfhIpW71uZ5sIGqc5sW2fJVG80WCmgz4489FnxfvwDHT2nPMand8pYzhw9tiejZeUKqlNhUwGBA30b2x3g', '0', b'0'),
	(8, b'1', '1995-07-27T15:00:00.000Z', 'funny0728@naver.com', 'MALE', '', 'IT/인터넷', 'ENTJ', '[B5F1] 재희', 'native', '$2a$10$/IS6OFIA8/eRdXw8PAuZO./698FWTESmiJWRMD3GctQTkIPwmWlPW', '0', 'eyJ0eXAiOiJKV1QiLCJhbGciOiJIUzUxMiJ9.eyJzdWIiOiJmdW5ueTA3MjhAbmF2ZXIuY29tIiwiZXhwIjoxNjUwNDcxNjc2LCJlbWFpbCI6ImZ1bm55MDcyOEBuYXZlci5jb20ifQ.TkZ2ePy0FxXTtiOHT19jnULhBGzd7Pr7HwJr3cXdgSHIh1LDFHv2pD4yqZr7ky0grx99K9lP3tOzx3zlbwMuFg', '1', b'0'),
	(9, b'1', NULL, '82surf@gmail.com', NULL, 'https://lh3.googleusercontent.com/a-/AOh14GjEFDwkKMsWCFJ-R0qRyyLOcUUXymkKlVMidKhBJg=s96-c', NULL, NULL, '유현수', 'google', '$2a$10$Qr7m4HwwKmV3p7VKRz6f1uluTY2csbYvo1OROwx0/xU/ow908oQwa', NULL, 'eyJ0eXAiOiJKV1QiLCJhbGciOiJIUzUxMiJ9.eyJzdWIiOiI4MnN1cmZAZ21haWwuY29tIiwiZXhwIjoxNjQ5NzQwOTI0LCJlbWFpbCI6Ijgyc3VyZkBnbWFpbC5jb20ifQ.Pt3gq7XVTCtr4SQEbei-Kje6PVU0tmwoU1NJAKCiE8h9XHyk4LbLut_Qgzy30uXc-tYbu9R7n1tIaP7lb0uMDQ', '0', b'0'),
	(10, b'1', NULL, 'h983019@gmail.com', NULL, 'https://lh3.googleusercontent.com/a/AATXAJyRh4bAEYWDu7iwVzKzC4Tw8dygeftQT9bOre28=s96-c', NULL, NULL, '이상현', 'google', '$2a$10$H7/ejymoDz/7mhoHMWcmcO3wIHUYa85tqMT8nDbEovSqaAQ.vBNjW', NULL, 'eyJ0eXAiOiJKV1QiLCJhbGciOiJIUzUxMiJ9.eyJzdWIiOiJoOTgzMDE5QGdtYWlsLmNvbSIsImV4cCI6MTY0OTc0MDkzMiwiZW1haWwiOiJoOTgzMDE5QGdtYWlsLmNvbSJ9.KfwlTTAYQ_tYI9oTook-ZaOZ1Xc47T39_G7qoqjD8L2jAVDCZIQJRhgc0RZt0uob9-lsEFlqKG5gF2HmD0RSxQ', '0', b'0'),
	(11, b'1', NULL, 'sin5015243@gmail.com', NULL, 'https://lh3.googleusercontent.com/a/AATXAJw5Ob1_nEoh3n6D93emovrlOwJt7TVQ6sa4yOQb=s96-c', NULL, NULL, '호잇', 'google', '$2a$10$pNd62l/qd/880IUAn7FXn.t3rHE5LS6JKD7K8JpKHC.sCkukr8twG', NULL, 'eyJ0eXAiOiJKV1QiLCJhbGciOiJIUzUxMiJ9.eyJzdWIiOiJzaW41MDE1MjQzQGdtYWlsLmNvbSIsImV4cCI6MTY0OTc0MDkzNywiZW1haWwiOiJzaW41MDE1MjQzQGdtYWlsLmNvbSJ9.Tkbb9qnl_JHWpQ-btNcBHlevK3IjD3WTzu7FZyy4Jn9sIJ4utp9_O4JTA1w3ibMJWdj99d8mYwBem2GsiqP3NA', '0', b'0'),
	(12, b'1', NULL, 'kimkisol2@gmail.com', NULL, 'https://lh3.googleusercontent.com/a/AATXAJz9tDOYxQubVndg-WNh6TE93ZaUijSquyFa7p99=s96-c', NULL, NULL, '김기솔', 'google', '$2a$10$TeYU5QyW8gSDp0JpuJ9guurgW0RRL6SvKHD7LRu.zaJbk1Rv1Vn/u', NULL, 'eyJ0eXAiOiJKV1QiLCJhbGciOiJIUzUxMiJ9.eyJzdWIiOiJraW1raXNvbDJAZ21haWwuY29tIiwiZXhwIjoxNjQ5NzQwOTM3LCJlbWFpbCI6ImtpbWtpc29sMkBnbWFpbC5jb20ifQ.T-xblJev7UJ06a0rPWyNlf0NZbLMABTwRnln1q42q4Ij372fzL6lhvA75VdoxnT92gd94Hi8cc5NWjPBQiU20w', '0', b'0'),
	(13, b'1', NULL, 'guruboy@snu.ac.kr', NULL, 'https://lh3.googleusercontent.com/a/AATXAJwphys_xj7S69iXtDGqXRVzhHBn-dqrQ1GB4yXQ=s96-c', NULL, NULL, '­박지후', 'google', '$2a$10$qHIOjo5TGs7RSiuwhjv.C.M4sMMsh9mmvy2IDpBVQFLZgJpXnF4.2', NULL, 'eyJ0eXAiOiJKV1QiLCJhbGciOiJIUzUxMiJ9.eyJzdWIiOiJndXJ1Ym95QHNudS5hYy5rciIsImV4cCI6MTY0OTc0MDk1MywiZW1haWwiOiJndXJ1Ym95QHNudS5hYy5rciJ9.Y3iMhO0tTRNFxDpi4BGRVbKvmRaWulx44-QWHUz-NRW7EgOzHRLuUQlZTmq4AfHGM_du5enjSQGg_OV9vNEl9A', '0', b'0'),
	(14, b'1', NULL, 'uiyn65@gmail.com', NULL, 'https://lh3.googleusercontent.com/a/AATXAJzsO8AnIKLu6CwSHKfVfiDQo77SlomY2hPFiDz2=s96-c', NULL, NULL, 'Ahyeon Lee', 'google', '$2a$10$T0p8jDdsaE5eFt71JtcYzOTwUFmh9HNpSrfIlJg4wnBFIzfewPqTS', NULL, 'eyJ0eXAiOiJKV1QiLCJhbGciOiJIUzUxMiJ9.eyJzdWIiOiJ1aXluNjVAZ21haWwuY29tIiwiZXhwIjoxNjQ5NzQwOTU1LCJlbWFpbCI6InVpeW42NUBnbWFpbC5jb20ifQ.cepA7poodhSQUyXHGulhoXRJYXPHRwDpzsDLMnTE1W7hr6mQF4dzqGER27e_F_ARSl-BGk8YJey-ZEz4Jz7CmQ', '0', b'0'),
	(15, b'1', NULL, 'flowerrain1357@gmail.com', NULL, 'https://lh3.googleusercontent.com/a/AATXAJxCtUS2jzKjlTw2eUO6DAvZ5PbFBWIDAtAlKgiM=s96-c', NULL, NULL, 'gramm', 'google', '$2a$10$N1aVY9kfSfPg9sCAmXewmeIMPfg7NZ5Ei.wo9G6QhFqZoGPncD7.S', NULL, 'eyJ0eXAiOiJKV1QiLCJhbGciOiJIUzUxMiJ9.eyJzdWIiOiJmbG93ZXJyYWluMTM1N0BnbWFpbC5jb20iLCJleHAiOjE2NDk3NDA5NzQsImVtYWlsIjoiZmxvd2VycmFpbjEzNTdAZ21haWwuY29tIn0.HIeNKei0xTbGIaBGHCoqYjAJxcUoXzPAAAY-e0wrfbWaRjPMx16tiFXJvQzJtaZcjoJ56GHiYUeiU4S5Ob58HA', '0', b'0'),
	(16, b'1', NULL, 'ny3021@gmail.com', NULL, 'https://lh3.googleusercontent.com/a-/AOh14GhlcdVtqmIMfGEVgN8QBSgxW7S4XEBC8HcVYWoo1Q=s96-c', NULL, NULL, '김나영', 'google', '$2a$10$BU.mJ6v2dGvjh1DiXITXheUGLI8ndzZm0EVmZIYvcKVmOOch/FzQW', NULL, 'eyJ0eXAiOiJKV1QiLCJhbGciOiJIUzUxMiJ9.eyJzdWIiOiJueTMwMjFAZ21haWwuY29tIiwiZXhwIjoxNjQ5NzQwOTkwLCJlbWFpbCI6Im55MzAyMUBnbWFpbC5jb20ifQ.BmlXPNPFDye9SK5bqF-nT9VLS3BkgADp_GgHk1yLRaRwEvzBB7QkvynJuolmAXUfzEhsBUtkK7eGVaNPYSBKwg', '0', b'0'),
	(17, b'1', '1998-11-19T00:00:00.000Z', 'hlggml621@gmail.com', 'FEMALE', 'https://lh3.googleusercontent.com/a/AATXAJzePgIRBKtbycqIJ2io-w_DFUcJIo6TDEc6lCmL=s96-c', 'IT/인터넷', 'ISFJ', 'y', 'google', '$2a$10$B0nxBUoCu0Tw5JnAd36ZJO5ofb8iAG8lvBsnQ5ki.XWd4/VWfzVPq', '0', 'eyJ0eXAiOiJKV1QiLCJhbGciOiJIUzUxMiJ9.eyJzdWIiOiJobGdnbWw2MjFAZ21haWwuY29tIiwiZXhwIjoxNjQ5NzQxMDA5LCJlbWFpbCI6ImhsZ2dtbDYyMUBnbWFpbC5jb20ifQ.B35FoSEYCp2xRo4HMfCTSIIIhm3Af_RGse8bSObEZrA2_x0XRMxZWuvBnzja7VLrJ7TFP18YkegVaT-Oi7jJPA', '0', b'0'),
	(18, b'1', '1995-02-19T00:00:00.000Z', 'ehddb2252@gmail.com', 'MALE', 'https://lh3.googleusercontent.com/a-/AOh14Gh21mikyZ3r-E6vgaGYQ0TOAH57BRDeSdcmk6Vp=s96-c', 'IT/인터넷', 'INTP', '떵유', 'google', '$2a$10$vSSsKM899JlZysBEaM4N.O53/IzI9m1ZpIbAy/yhUjJjux4vJq9/.', '0', 'eyJ0eXAiOiJKV1QiLCJhbGciOiJIUzUxMiJ9.eyJzdWIiOiJlaGRkYjIyNTJAZ21haWwuY29tIiwiZXhwIjoxNjQ5NzQ4Mjg0LCJlbWFpbCI6ImVoZGRiMjI1MkBnbWFpbC5jb20ifQ.9odsZU9sMGW4hSWMXHyGaRe659qYibYUSyEagwyLSQkIRjPiJdxNXUhdV0JIqjYyoCjXy68TIMz1uFPu3mZjIQ', '0', b'0'),
	(19, b'1', '1970-01-22T00:00:00.000Z', 'megahawk88@gmail.com', 'MALE', 'https://lh3.googleusercontent.com/a/AATXAJycYCClB2Inuqs06ITuqjiRH-wPfrEmzhzydvACzA=s96-c', 'IT/인터넷', 'ESTP', '이상현', 'google', '$2a$10$LOX/J7qQfk70VpSLhwMKJ.9Zaoi.sUxZbLnm96/9Jp6VFv/1fAVzG', '22', 'eyJ0eXAiOiJKV1QiLCJhbGciOiJIUzUxMiJ9.eyJzdWIiOiJtZWdhaGF3azg4QGdtYWlsLmNvbSIsImV4cCI6MTY0OTc0MzYzNywiZW1haWwiOiJtZWdhaGF3azg4QGdtYWlsLmNvbSJ9.NJh6C-qRerwekGkEO4lSqMWX36_hDC0DEUIkkcWjv0HdJhHdHBiOYWtmdHTN59y-bS5RYFCmO_mw2OWIc3cKdg', '0', b'0'),
	(20, b'1', NULL, 'tjdytpq0310@gmail.com', NULL, 'https://lh3.googleusercontent.com/a-/AOh14GgYoJ5km8KEDNY0VhKDsAavn5nOvZFsWzB432TawA=s96-c', NULL, NULL, '서요셉', 'google', '$2a$10$Puk3p/z2pwtcAFT0Rb5QQ.b4DCUFeMGyP78PAskbtaH616T6hoFCW', NULL, 'eyJ0eXAiOiJKV1QiLCJhbGciOiJIUzUxMiJ9.eyJzdWIiOiJ0amR5dHBxMDMxMEBnbWFpbC5jb20iLCJleHAiOjE2NDk3NDExNjQsImVtYWlsIjoidGpkeXRwcTAzMTBAZ21haWwuY29tIn0.Tl-gw2mtPLvXYibqbLExqKCi4HjhjAK64RvzctK6S_3NiVzfQEYlYFJluI9NzXZWZdC68P4Eoyk6vlGn63EX1g', '0', b'0'),
	(21, b'1', NULL, 'joali9807@gmail.com', NULL, 'https://lh3.googleusercontent.com/a/AATXAJy5_8scK6JHnbQxzfGcoQJ96N6_yQr33MtSA7WR=s96-c', NULL, NULL, '고재현', 'google', '$2a$10$24xAzV5hwmOfcTInw9VmCOXrJk2U9IbO97JtV97nuOpsc1IfBD2ry', NULL, 'eyJ0eXAiOiJKV1QiLCJhbGciOiJIUzUxMiJ9.eyJzdWIiOiJqb2FsaTk4MDdAZ21haWwuY29tIiwiZXhwIjoxNjQ5NzQxMjg5LCJlbWFpbCI6ImpvYWxpOTgwN0BnbWFpbC5jb20ifQ.dR008btNeFUpOW1DhRGMC-mW9houck9LpBV_qyB0AUoxS0LZIyNNZy59aj1CMkgrdivcO5orEjhiHfDnRKTHKA', '0', b'0'),
	(22, b'1', NULL, 'qweadzs@naver.com', NULL, 'https://lh3.googleusercontent.com/a/AATXAJyuPE9Fn1_jMdmnq8DtCNXdyrOxQOAokDQkUqi1=s96-c', NULL, NULL, '박현우', 'google', '$2a$10$62Vlwt0RAEGKlq9uZh2/POPEGPyUU7mz6PIusq1jz9dCi42ol3ZaS', NULL, 'eyJ0eXAiOiJKV1QiLCJhbGciOiJIUzUxMiJ9.eyJzdWIiOiJxd2VhZHpzQG5hdmVyLmNvbSIsImV4cCI6MTY0OTc0NzM5MywiZW1haWwiOiJxd2VhZHpzQG5hdmVyLmNvbSJ9.woYHSPwB1tAamCSIlKOS3QXBGMD_oKUZVX3w2QfDZqBcyljwwG-rX8xr70HCFQw_5GEuP2cL2K0xvgKIZNdmzA', '0', b'0'),
	(23, b'1', NULL, 'eyjeong1202@gmail.com', NULL, 'https://lh3.googleusercontent.com/a-/AOh14GgJmnwgS8D12BehaFeLyZezMVzdwdJo4KZ91rxh=s96-c', NULL, NULL, '프로즌드래곤', 'google', '$2a$10$jVpYfsMJnjbnFZAlDRw9f.8iaEhq2t/9DtHr2VPBE8BraJ9VgZueG', NULL, 'eyJ0eXAiOiJKV1QiLCJhbGciOiJIUzUxMiJ9.eyJzdWIiOiJleWplb25nMTIwMkBnbWFpbC5jb20iLCJleHAiOjE2NDk3NDE2MTMsImVtYWlsIjoiZXlqZW9uZzEyMDJAZ21haWwuY29tIn0.5Wx9DT5pydJoxEtXfiDVvUioW7mAs-jjXOa0ihHlf02DDdpKjLxH0F7gDphky4vvJNziFwvUKxlVTY2hcqU2rw', '0', b'0'),
	(24, b'1', '1996-12-20T00:00:00.000Z', 'ekdms42132@gmail.com', 'FEMALE', 'https://lh3.googleusercontent.com/a-/AOh14Ggj72MPcwdAFP0w6KNGzgju-DTM9P0DxAegIzI0Vw=s96-c', 'IT/인터넷', 'ISTP', '김다은', 'google', '$2a$10$SYm33aKTyKuWLB2kWjelMuXiP6ze4rtqHOeo2Do.pXBotgZG1iq3O', '0', 'eyJ0eXAiOiJKV1QiLCJhbGciOiJIUzUxMiJ9.eyJzdWIiOiJla2RtczQyMTMyQGdtYWlsLmNvbSIsImV4cCI6MTY0OTc0MTY3MiwiZW1haWwiOiJla2RtczQyMTMyQGdtYWlsLmNvbSJ9.FwH107YHmyg6hesbS1t8uXkWlFF2s5dCZxyYNDv3krH6h1sOppU7Ogjf98TUfeymuyaFRoOlkhUj2nk-FQCvyA', '0', b'0'),
	(25, b'1', '1995-09-18T15:00:00.000Z', 'csi9509@gmail.com', 'MALE', 'https://lh3.googleusercontent.com/a-/AOh14GgzlmyWoVuMODbw3czveVz3uOd2-SS_qL_XquoSFg=s96-c', 'IT/인터넷', 'ISFJ', '[A103] 장준범', 'google', '$2a$10$pDZV.EG3sm7sXK.dxHRmuO/1gsp1ubr.owgmbnKE0v/uREhsIMEvi', '0', 'eyJ0eXAiOiJKV1QiLCJhbGciOiJIUzUxMiJ9.eyJzdWIiOiJjc2k5NTA5QGdtYWlsLmNvbSIsImV4cCI6MTY1MDM3OTMwMiwiZW1haWwiOiJjc2k5NTA5QGdtYWlsLmNvbSJ9.__uU6j1PQF_GdwKXNrH-Syv--qLGJ0PH8kI10qxXf7h7rZ8ORezI0qS7rdeZSqCozcEzmwR-mSqVuIKL5aQGEg', '2', b'0'),
	(26, b'1', '1970-01-01T00:00:00.000Z', 'sang712h@gmail.com', 'MALE', 'https://lh3.googleusercontent.com/a/AATXAJx2cubyWseOlgZs7iEBn6fGmafN5fuvN8sMJeRm=s96-c', 'IT/인터넷', 'ENFP', 'Sanggil Han', 'google', '$2a$10$5w7r4Opto1hVDs8d3UOm2.0Gzm762OuEF8y8gz/K3QM3C/VFyBUdy', '0', 'eyJ0eXAiOiJKV1QiLCJhbGciOiJIUzUxMiJ9.eyJzdWIiOiJzYW5nNzEyaEBnbWFpbC5jb20iLCJleHAiOjE2NDk3NDQ4MDMsImVtYWlsIjoic2FuZzcxMmhAZ21haWwuY29tIn0.KaxanNEddagEYn6fPhsnABPKsWbT9aDgmJprAD-QPojEwKvypK8gHt-aVN8LlmPH0TuDbBJJn5ch_kcwiELMRA', '0', b'0'),
	(27, b'1', NULL, 'ehdtjr0419@gmail.com', NULL, 'https://lh3.googleusercontent.com/a/AATXAJxCEWk8WzTfu2Q18NyZoAqNaaLb6J0RUXrr0UbX=s96-c', NULL, NULL, '강동석', 'google', '$2a$10$QYFUGDyRFluiIhlzPfVOmeeME.NDvS38Z1Gx0WdaZ8qxd/NCMfjMe', NULL, 'eyJ0eXAiOiJKV1QiLCJhbGciOiJIUzUxMiJ9.eyJzdWIiOiJlaGR0anIwNDE5QGdtYWlsLmNvbSIsImV4cCI6MTY0OTc0MTY5OSwiZW1haWwiOiJlaGR0anIwNDE5QGdtYWlsLmNvbSJ9.MOUbSvtkArAdmkcidd5rSHbMoiQz0TwLLDf2uiA8_fVR1S5_kS7_fqwBp8oo32YdCATiXhoh73_LV9TZddvOkA', '0', b'0'),
	(28, b'1', '1996-05-06T00:00:00.000Z', 'gpfls0506@gmail.com', 'FEMALE', 'https://lh3.googleusercontent.com/a-/AOh14GgfTJDUHsyilNItMs6JVQegshrPk9qMJUDtfJoCqw=s96-c', 'IT/인터넷', 'ESFJ', 'HR O', 'google', '$2a$10$G7DBzWJVM3lNGPfJUMWR.O6vdjRzujHpL5c7U/scW7JE.fVsGBBU6', '0', 'eyJ0eXAiOiJKV1QiLCJhbGciOiJIUzUxMiJ9.eyJzdWIiOiJncGZsczA1MDZAZ21haWwuY29tIiwiZXhwIjoxNjQ5NzQxNzA3LCJlbWFpbCI6ImdwZmxzMDUwNkBnbWFpbC5jb20ifQ.N-zou2Pj6AK_aKOQHeQp1kJPU1bjULSJMXrM94rBmjH1a_-oUnQ4qMGNcQ8m3rnyj6RvTaQlRqb0H9RXSRlTMQ', '0', b'0'),
	(29, b'1', NULL, 'postmission2022@gmail.com', NULL, 'https://lh3.googleusercontent.com/a/AATXAJy03ZpmOZGOyTbBF1SRsSe7FfSgmSPNOHHpupIZ=s96-c', NULL, NULL, 'postmission ssafy', 'google', '$2a$10$R7CgAE2rfSGM0RGOeDC07.E8/WpsNpiDHZtlBeMlRkB9WdOB8zcpK', NULL, 'eyJ0eXAiOiJKV1QiLCJhbGciOiJIUzUxMiJ9.eyJzdWIiOiJwb3N0bWlzc2lvbjIwMjJAZ21haWwuY29tIiwiZXhwIjoxNjQ5NzQxNzQ3LCJlbWFpbCI6InBvc3RtaXNzaW9uMjAyMkBnbWFpbC5jb20ifQ.kaQtg83kYUI61uCA8yNYQF_RRfT-64U0KkM5P6j8HM5ZbsLwfmnUox_cIXNmpoyYwsGieoGiIywaeRic3cwpDw', '0', b'0'),
	(30, b'1', NULL, 'chaeun.jjj@gmail.com', NULL, 'https://lh3.googleusercontent.com/a/AATXAJz47wBMAtlFK1bhjttQ4cQNa00rosnVjCB7p8Ma=s96-c', NULL, NULL, '정채은', 'google', '$2a$10$6be9isTyS.IrfZJFeE47eOGiCCNfs9PsXDDf3/vAtUxw1gbuVSAl6', NULL, 'eyJ0eXAiOiJKV1QiLCJhbGciOiJIUzUxMiJ9.eyJzdWIiOiJjaGFldW4uampqQGdtYWlsLmNvbSIsImV4cCI6MTY0OTc0MTc4OSwiZW1haWwiOiJjaGFldW4uampqQGdtYWlsLmNvbSJ9.IISHLl29LEfDpPglQvyiTnrP-X7BDG4fbY8JEpO2CN0jv9w2nqLsTU6PH3uygZOqZaTw108aWhO8JTmrIwYDKw', '0', b'0'),
	(31, b'1', NULL, 'sky6min@gmail.com', NULL, 'https://lh3.googleusercontent.com/a/AATXAJzXOSTnkHct9UpQxgweh2k55qGVCO7NKWt4OhNlqw=s96-c', NULL, NULL, '김창민', 'google', '$2a$10$cpUwSBLk/bm0uWQGzg9Jv.mjikHTHoBLnivoK0KyWJnWp6u3Ng0CK', NULL, 'eyJ0eXAiOiJKV1QiLCJhbGciOiJIUzUxMiJ9.eyJzdWIiOiJza3k2bWluQGdtYWlsLmNvbSIsImV4cCI6MTY0OTc0MTgyMywiZW1haWwiOiJza3k2bWluQGdtYWlsLmNvbSJ9.ih8hv9f9HOGJ_1Xx9kZOUS50Naxe0RO2_HNfb1rAm9_J4qpYL-YMoh0-u2u92FsCEmYEe5t_m0rfJvBsUlZSvg', '0', b'0'),
	(32, b'1', NULL, 'kija0625@gmail.com', NULL, 'https://lh3.googleusercontent.com/a-/AOh14Gg71CAA2TvhgBhfHvMs2GX1GqdTmsNYBfRrvLwFAQ=s96-c', NULL, NULL, '찌아찌아', 'google', '$2a$10$d4HlSAbmBj4V137v8K6ljOISo15IYoN6U5PBiNXrIJDb2IhT5F1GW', NULL, 'eyJ0eXAiOiJKV1QiLCJhbGciOiJIUzUxMiJ9.eyJzdWIiOiJraWphMDYyNUBnbWFpbC5jb20iLCJleHAiOjE2NDk3NDE5MTAsImVtYWlsIjoia2lqYTA2MjVAZ21haWwuY29tIn0.8tzlwnEs78H6fgX_ypPisc7ftT0rvQu9igCk5L19MPNTF-pkBb23ANzloCULmGrdJIlS-gA28wv2cuOBq5tLCA', '0', b'0'),
	(33, b'1', NULL, 'jaengpin@gmail.com', 'FEMALE', 'https://lh3.googleusercontent.com/a/AATXAJz3ivRAFMiga9TVYJNu_I509gy14uvpUpsjsw83=s96-c', 'IT/인터넷', 'INFP', '히히', 'google', '$2a$10$FnKoxUAVPf0r.VNw67Zxr.DBzGWrLLKTmRzdYrUugonVTp9OouJ4i', '0', 'eyJ0eXAiOiJKV1QiLCJhbGciOiJIUzUxMiJ9.eyJzdWIiOiJqYWVuZ3BpbkBnbWFpbC5jb20iLCJleHAiOjE2NDk3NDE5MTksImVtYWlsIjoiamFlbmdwaW5AZ21haWwuY29tIn0.cv22XnKQ-OTejZgj0zRHQTHXCQM_l6XiXR-eOWD-r1DG404-D7fQS_ZBLp1OVwdZCNbrLHmFtA0PBDZiSDfmtQ', '0', b'0'),
	(34, b'1', NULL, 'thgus1845@gmail.com', 'FEMALE', 'https://lh3.googleusercontent.com/a-/AOh14GjMVsxtxg-nVbc6gs1lAtl-QaRuJxYTqoDe44Oo=s96-c', '건설', 'ENTP', '윤소현', 'google', '$2a$10$/fX/xtQDy1lRzq6xbbi5/uxKAOBebR1fAf8Do.oHGGB31rsHHlFNm', '0', 'eyJ0eXAiOiJKV1QiLCJhbGciOiJIUzUxMiJ9.eyJzdWIiOiJ0aGd1czE4NDVAZ21haWwuY29tIiwiZXhwIjoxNjQ5NzUxMzY3LCJlbWFpbCI6InRoZ3VzMTg0NUBnbWFpbC5jb20ifQ.tdrK6a7gdwT1rrfSwZ7rGHPImqspoQ6YBxzCMKQJ3kDxPXcKGh5WKxn7mrI3HMHm5GrNesEOz-SaLLUfpN70PQ', '0', b'0'),
	(35, b'1', NULL, 'fakerniche@gmail.com', NULL, 'https://lh3.googleusercontent.com/a-/AOh14Gi_rup2qZ3DEzGLcdNlZb-1baJ2G9TxAVWuFBiVPg=s96-c', NULL, NULL, '예찬군', 'google', '$2a$10$8c1S8mSxha7ySwtqLmn5duZFbyvytlhvciI4xHJie.7bfVvL.Js1W', NULL, 'eyJ0eXAiOiJKV1QiLCJhbGciOiJIUzUxMiJ9.eyJzdWIiOiJmYWtlcm5pY2hlQGdtYWlsLmNvbSIsImV4cCI6MTY0OTc0MTk1NSwiZW1haWwiOiJmYWtlcm5pY2hlQGdtYWlsLmNvbSJ9.ldBDBRiNkmn7K4H-ZieLlxN7sQi2fWq9QrQo1Qbizt_UIrDnI7-Tg4S34C1Dr8t-4VJvgf-T8fiZJX5zdTiknA', '0', b'0'),
	(36, b'1', NULL, 'zummy0130@gmail.com', NULL, 'https://lh3.googleusercontent.com/a-/AOh14GjmJRP9E3GcfFfBpgwEWVkl4wyZzllZtsfC9LOw=s96-c', NULL, NULL, '박주미', 'google', '$2a$10$D/TYoYu1OfDXc1zV2oMHh.LgVikjbpvy3nVNbBIL.FsK2KVB1BZVW', NULL, 'eyJ0eXAiOiJKV1QiLCJhbGciOiJIUzUxMiJ9.eyJzdWIiOiJ6dW1teTAxMzBAZ21haWwuY29tIiwiZXhwIjoxNjQ5NzQxOTY3LCJlbWFpbCI6Inp1bW15MDEzMEBnbWFpbC5jb20ifQ.w6QZz5swsYXKBAdg56diIe_WPbift8yesyEq2R4cpO8_NnDaJnNEQrJPmpAErlIYQ6hPdRSEUHYnQy8wI_GaIw', '0', b'0'),
	(38, b'1', NULL, 'hyg52496@gmail.com', NULL, 'https://lh3.googleusercontent.com/a-/AOh14GhhTlcuhBjva2XiiHr8M7VwvmpNxPMuA2bCHxC4=s96-c', NULL, NULL, '석준', 'google', '$2a$10$XCqod2gQlWbjW1cexcnkCebHI9c6QzTSJnLZTsybx1ae7oZ8di5wW', NULL, 'eyJ0eXAiOiJKV1QiLCJhbGciOiJIUzUxMiJ9.eyJzdWIiOiJoeWc1MjQ5NkBnbWFpbC5jb20iLCJleHAiOjE2NDk3NDIwMzEsImVtYWlsIjoiaHlnNTI0OTZAZ21haWwuY29tIn0.yRc-oRuydB23y4NRMJhVtH4AMCacuapxIjuOSHeRXtSP1KFpdGVZD9G8V-5SRB71eQnYGamxfGpO-y7lCeOJXA', '0', b'0'),
	(39, b'1', NULL, 'dayeleevvv@gmail.com', NULL, 'https://lh3.googleusercontent.com/a-/AOh14GjS9WtM-s4dUjOxs7KYGjHEPVMvdsYXcqPV2JpOww=s96-c', NULL, NULL, '이다예', 'google', '$2a$10$2a4RhbPJ/G2riNCyRpAmTeY7RJewRik8rPQU7dIa8GeBGwg1B0Vay', NULL, 'eyJ0eXAiOiJKV1QiLCJhbGciOiJIUzUxMiJ9.eyJzdWIiOiJkYXllbGVldnZ2QGdtYWlsLmNvbSIsImV4cCI6MTY0OTc0MjA5MiwiZW1haWwiOiJkYXllbGVldnZ2QGdtYWlsLmNvbSJ9.5fk2JLum6jvnc2sPTePmJRmu0i00KnCu-s8pa6RofQ0kdIjCbm6nPC5w-l2WrtjKIhdSO_Q6UOhKm728zHKkGQ', '0', b'0'),
	(40, b'1', NULL, 'p9a3r5k0@gmail.com', NULL, 'https://lh3.googleusercontent.com/a/AATXAJyOIuoL3ii4fQM1gAd3gq31C4Ouv3kwWD1I7jg4=s96-c', NULL, NULL, '박승원', 'google', '$2a$10$GILS4m58KVG7/NCwpuVlMu8xG3eDme22s1JJh1voNq3H2kiDGcqWG', NULL, 'eyJ0eXAiOiJKV1QiLCJhbGciOiJIUzUxMiJ9.eyJzdWIiOiJwOWEzcjVrMEBnbWFpbC5jb20iLCJleHAiOjE2NDk3NDIxNjgsImVtYWlsIjoicDlhM3I1azBAZ21haWwuY29tIn0.37uObtLeDe12mG3JZJD1Lmy5A66Kc2Dy5edWseaug-j2rGd6WCghi3q9aPGK7e2op16oWWwTp3iET0pydUePkA', '0', b'0'),
	(41, b'1', '1997-06-20T00:00:00.000Z', 'hskim9706@gmail.com', 'FEMALE', 'https://lh3.googleusercontent.com/a/AATXAJzaFOI7yT2NKL2klmyNcekLnF9tTAgLhd76prY6=s96-c', 'IT/인터넷', 'ISFP', '김현수', 'google', '$2a$10$z4TYP4xKt3IXzDTq5b1K8.bmFThb4bpleQNjGPUB.l7LGMxOXN272', '0', 'eyJ0eXAiOiJKV1QiLCJhbGciOiJIUzUxMiJ9.eyJzdWIiOiJoc2tpbTk3MDZAZ21haWwuY29tIiwiZXhwIjoxNjQ5NzQyMjE4LCJlbWFpbCI6Imhza2ltOTcwNkBnbWFpbC5jb20ifQ.GxQqeXIBFnthH-mxmN22hUa8-RRBCWiueJYYOSVLl8YXXgxFX3nby-pgmQ5xI75w3-WQdJYQqCUiLMHBS5i5Gw', '0', b'0'),
	(42, b'1', '', 'kws04192@naver.com', '', NULL, '', NULL, '박미주', 'native', '$2a$10$ZN4X1G110YjyLAnBcUJv4uz4GPu05vJOJhvaTwg4Qk74cy1a1nbIC', '', 'eyJ0eXAiOiJKV1QiLCJhbGciOiJIUzUxMiJ9.eyJzdWIiOiJrd3MwNDE5MkBuYXZlci5jb20iLCJleHAiOjE2NDk3NDIyNjEsImVtYWlsIjoia3dzMDQxOTJAbmF2ZXIuY29tIn0.BCpPMfYgNH2asmOx4_xNwTIHPUBIKw8ZZDOVo6oupeG7N-ymIbxRQuRjH4Omr3Qc21_uGzPU3IJPhjohK1C2aw', '0', b'0'),
	(43, b'1', NULL, 'leesk3732@gmail.com', NULL, 'https://lh3.googleusercontent.com/a/AATXAJy6nOVc4Kl1ruDNLreMFQhkf7t0aQPDu8RaJBHh=s96-c', NULL, NULL, '이승규', 'google', '$2a$10$ItFXaHFeJ8TBV69Rtblbou5ILhRdEpFsNXH1LJX7hzLstI5HDkHYq', NULL, 'eyJ0eXAiOiJKV1QiLCJhbGciOiJIUzUxMiJ9.eyJzdWIiOiJsZWVzazM3MzJAZ21haWwuY29tIiwiZXhwIjoxNjQ5NzQyMjkzLCJlbWFpbCI6ImxlZXNrMzczMkBnbWFpbC5jb20ifQ.iiL5hQ0If5RRvop6q1Inw3WakOcm7xCc4UfssxvzN4phtuPezpfVwWeXKgVg5NeDBGM-_PrQWy7pp7y_gZlYsQ', '0', b'0'),
	(44, b'1', '1997-12-12T15:00:00.000Z', 'aoghksj@naver.com', 'FEMALE', NULL, 'IT/인터넷', 'ENFP', '양수진', 'native', '$2a$10$hGAj/PgJyOnFcWP.T1STpucFvZQgycKeSkGpOFaA7EypBztg91lnW', '0', 'eyJ0eXAiOiJKV1QiLCJhbGciOiJIUzUxMiJ9.eyJzdWIiOiJhb2doa3NqQG5hdmVyLmNvbSIsImV4cCI6MTY0OTc0MjM0NSwiZW1haWwiOiJhb2doa3NqQG5hdmVyLmNvbSJ9.MnQWwzWx1Np6pH_MB8lFdMz1j0zLxx64Z4mpmlC26YEKpvxtQ0jOY3Ufg3uqUBFy41Ja1zDB_wgAyWpYYJfJ_A', '0', b'0'),
	(45, b'1', NULL, 'kldoggod@gmail.com', NULL, 'https://lh3.googleusercontent.com/a/AATXAJyF-u0aIT8EA7sY1wqfqQwt3JhRrXRDC1AkWabA=s96-c', NULL, NULL, '이수환', 'google', '$2a$10$zwLu.ZBIfLevJHDqBn/iXeSa9ZYU4FH6uxKziJhcB6nKkEE3sszUu', NULL, 'eyJ0eXAiOiJKV1QiLCJhbGciOiJIUzUxMiJ9.eyJzdWIiOiJrbGRvZ2dvZEBnbWFpbC5jb20iLCJleHAiOjE2NDk3NDI0MTEsImVtYWlsIjoia2xkb2dnb2RAZ21haWwuY29tIn0.DOQ3tbjjPMEEVmttibAtrDQi-fD_Pfuc70x4FlgM7trG_6ZC4jj2xoLT-xWJn0A5c_IeZl0FCO2f2CKaSFxFpg', '0', b'0'),
	(46, b'1', '', 'k1mjunooo@naver.com', '', NULL, '', NULL, 'kim', 'native', '$2a$10$UYfTzenETDl.5SeuFiaZCeWbvKI0LEkJcVomuKMy8oe5OEc2pILSq', '', 'eyJ0eXAiOiJKV1QiLCJhbGciOiJIUzUxMiJ9.eyJzdWIiOiJrMW1qdW5vb29AbmF2ZXIuY29tIiwiZXhwIjoxNjQ5NzQzMDQxLCJlbWFpbCI6ImsxbWp1bm9vb0BuYXZlci5jb20ifQ.M4Q4AT7C_oHRbGXZ09GhZwCD807j1P9IaH9wO-xQn1qdgCjCzjQFbXyC8N0IWNyCM52Kkjlx5EFoauR2hPwOFg', '0', b'0'),
	(47, b'1', '', '정음이바보@naver.com', '', NULL, '', NULL, '윤소현', 'native', '$2a$10$M1RQn9LRPZXH8B9YRgpiA.cdbduFcVv51JoJ4gfAD/mnIi/4wUyaO', '', 'eyJ0eXAiOiJKV1QiLCJhbGciOiJIUzUxMiJ9.eyJzdWIiOiLsoJXsnYzsnbTrsJTrs7RAbmF2ZXIuY29tIiwiZXhwIjoxNjQ5NzUxMjk5LCJlbWFpbCI6IuygleydjOydtOuwlOuztEBuYXZlci5jb20ifQ.n0_-rkMagwM41tNfQqBJDo8qLYkQd9epXrs8cUbEm2I1T-b_WMoV9hzI4FEKbKHfMGuGW74NXJY-L_3u5w8a0g', '0', b'0'),
	(48, b'1', NULL, 'hsk2454@gmail.com', NULL, 'https://lh3.googleusercontent.com/a-/AOh14GhUybUN7jhPraPyRY9uz7fFkyA-crhfI3HN6rT8sA=s96-c', NULL, NULL, '황정준', 'google', '$2a$10$nOEmLfCDWLpPd2kuVZL/a.31KzIZLoldY05wrN4/90xUa8/JbDBL.', NULL, 'eyJ0eXAiOiJKV1QiLCJhbGciOiJIUzUxMiJ9.eyJzdWIiOiJoc2syNDU0QGdtYWlsLmNvbSIsImV4cCI6MTY0OTc0MzA5MywiZW1haWwiOiJoc2syNDU0QGdtYWlsLmNvbSJ9.H7zBmL6Y9W7lOhemgE8_Z-CB4MV9Zo_q57yBb7VjtG8k9HhSh6fksTaFqyuCr3agiDKLNgalZnosm2RfogpmTA', '0', b'0'),
	(49, b'1', NULL, 'jh4206@gmail.com', NULL, 'https://lh3.googleusercontent.com/a/AATXAJxsAtgN7tuQRFn3RCXKVbaidGQ4p1LVikj1yJ7Q=s96-c', NULL, NULL, '[서울프로_이정훈]', 'google', '$2a$10$yVWRcDI0SD535vH6bH/xQOKLkU9qQafWV13lSzyyc063LW2vySLKi', NULL, 'eyJ0eXAiOiJKV1QiLCJhbGciOiJIUzUxMiJ9.eyJzdWIiOiJqaDQyMDZAZ21haWwuY29tIiwiZXhwIjoxNjQ5NzQzMjQwLCJlbWFpbCI6ImpoNDIwNkBnbWFpbC5jb20ifQ.bJEMzq-Un_TN-NlbdtZHQxSA4Ou1k4LmzCFiItj9JGsoec868pRmeq0E6U4a1kNWYfdzIaXnW5urSUfRGNOmbA', '0', b'0'),
	(50, b'1', '', 'rnentkdals@naver.com', '', NULL, '', NULL, '김상민', 'native', '$2a$10$tu3k6UtulOLg8mH7ELcWCO.timWXbwgbT8MoItgdMYz3czm7pJkym', '', 'eyJ0eXAiOiJKV1QiLCJhbGciOiJIUzUxMiJ9.eyJzdWIiOiJybmVudGtkYWxzQG5hdmVyLmNvbSIsImV4cCI6MTY0OTc0MzQ3MiwiZW1haWwiOiJybmVudGtkYWxzQG5hdmVyLmNvbSJ9.ryop9LjhPQJBT4-RMGMNMASJyHYHM1AyvW2AeHsDIS4c1l96ElicLDftKakHDP01ysoGrjQwsDhZ1m1_1da9DA', '0', b'0'),
	(51, b'1', NULL, 'rnentkdals@gmail.com', NULL, 'https://lh3.googleusercontent.com/a/AATXAJz6h1RMCOiNgUSKwn48zrGLw3Kr5grWbkp0OWGK=s96-c', NULL, NULL, '김상민', 'google', '$2a$10$imDQ8CAtOj5xP.iQClyH8exJpGK0cMDYppL6Eev/txx8e/1sL/zjO', NULL, 'eyJ0eXAiOiJKV1QiLCJhbGciOiJIUzUxMiJ9.eyJzdWIiOiJybmVudGtkYWxzQGdtYWlsLmNvbSIsImV4cCI6MTY0OTc0MzU5OCwiZW1haWwiOiJybmVudGtkYWxzQGdtYWlsLmNvbSJ9.MQnccE9EHh6BF4LpboRRrsxRxAHL2tajVNW7Xt72AYzKirgk1q7s_ZzLoCywbtonC80OKW61q8ga6X0LT0fG-Q', '0', b'0'),
	(52, b'1', NULL, 'songkyunghee1680@gmail.com', NULL, 'https://lh3.googleusercontent.com/a/AATXAJxBon5tgkVNP1Iw-OIohZ-g8dTgR7UrT_p3TT_P=s96-c', NULL, NULL, '송경희', 'google', '$2a$10$B7hCVAfGO1WKBnJEIV9RM.xsHoRkZ2.TiwixVRgcGIiu1BG4EDJD.', NULL, 'eyJ0eXAiOiJKV1QiLCJhbGciOiJIUzUxMiJ9.eyJzdWIiOiJzb25na3l1bmdoZWUxNjgwQGdtYWlsLmNvbSIsImV4cCI6MTY0OTc0NDAzMiwiZW1haWwiOiJzb25na3l1bmdoZWUxNjgwQGdtYWlsLmNvbSJ9.91jY_rqRhrA1-vbqKpeglqYITzF_LJrUW30e0JzPGC0ryD4HwmvHYRVMOw8knAnwTYK8ChPKXgBgwvh93MlfuA', '0', b'0'),
	(53, b'1', NULL, 'knh21kim@gmail.com', NULL, 'https://lh3.googleusercontent.com/a/AATXAJwb4BqAzjcGpM2HNG7iPSkwVlg6RAUkj5umTQaJ=s96-c', NULL, NULL, '김남훈', 'google', '$2a$10$F2untq.GDpRBk07y6m9E6u9..xJv34arX038I.bfCvuzkMJg8ufOm', NULL, 'eyJ0eXAiOiJKV1QiLCJhbGciOiJIUzUxMiJ9.eyJzdWIiOiJrbmgyMWtpbUBnbWFpbC5jb20iLCJleHAiOjE2NDk3NDQzMzUsImVtYWlsIjoia25oMjFraW1AZ21haWwuY29tIn0.HYPQbn7xcsbNgKbrXKTY1MUgGYQ737V8tb5JAJh7yJYTanT1113f12d6PewcFErUwIZVSh-ejj6g6dYCktE4pA', '0', b'0'),
	(54, b'1', NULL, 'determination9212@gmail.com', NULL, 'https://lh3.googleusercontent.com/a/AATXAJw20auCq9GAXzFjcGozV1CMYs_pSxGwhp01yMQ=s96-c', NULL, NULL, '김유진', 'google', '$2a$10$s.JHT6Wi2SW12XzxG8ghu.zUpxhusjVWCjR3Vb0c6Guy/7ycMKTri', NULL, 'eyJ0eXAiOiJKV1QiLCJhbGciOiJIUzUxMiJ9.eyJzdWIiOiJkZXRlcm1pbmF0aW9uOTIxMkBnbWFpbC5jb20iLCJleHAiOjE2NDk3NDQ0NTQsImVtYWlsIjoiZGV0ZXJtaW5hdGlvbjkyMTJAZ21haWwuY29tIn0.FQk9yJtpDAHJJPQfQMKhs4aa1YTvh1H2-uxVkHRQVw66ItcglzkUXUKFVP-9n4zddDv946G64800qXZR8Ykhkw', '0', b'0'),
	(55, b'1', '', 'thgus1845@naver.com', '', NULL, '', NULL, '윤소현', 'native', '$2a$10$1hJDe3BQTPOogAqEVaytEupzPqNUARO0p84wHigJkdf9bD.w6.k3u', '', 'eyJ0eXAiOiJKV1QiLCJhbGciOiJIUzUxMiJ9.eyJzdWIiOiJ0aGd1czE4NDVAbmF2ZXIuY29tIiwiZXhwIjoxNjQ5NzQ0NTYxLCJlbWFpbCI6InRoZ3VzMTg0NUBuYXZlci5jb20ifQ.5OyzG5Bu-N2TU8osfaw-nEqsmBP--eeRq3EA65Vh8qF_xYCEbV6UEKLjyoAqasZNA1h_ktsN_QIEQVTJ-CF8SQ', '0', b'0'),
	(56, b'1', NULL, 'qs2720@gmail.com', NULL, 'https://lh3.googleusercontent.com/a-/AOh14GirnPyucsfQjFYUbcrggN2EoOTWOobtDKASbVoRZw=s96-c', NULL, NULL, '박성건', 'google', '$2a$10$2rjtcoolNbJqkzXzBkMdcesv.FRqXth96vlBY5UJsrqh0zWXUPWJq', NULL, 'eyJ0eXAiOiJKV1QiLCJhbGciOiJIUzUxMiJ9.eyJzdWIiOiJxczI3MjBAZ21haWwuY29tIiwiZXhwIjoxNjQ5NzQ0NjY0LCJlbWFpbCI6InFzMjcyMEBnbWFpbC5jb20ifQ.LM9eVsAzNL2Jk1kn5x4XPJDRmas_69HfGHdJ9xLc6UQN6aVvbSXaP5HHyA1YnnFZqnNv7ca2H3raUwNdOjnn3g', '0', b'0'),
	(57, b'1', '', 'snowdrop6342@naver.com', '', NULL, '', NULL, 'snowdrop6342', 'native', '$2a$10$dS2P6sqWFdx7Pwr74iLSOuRqtbEy/rq25jY9YX/KAjw.xohtzO2qa', '', 'eyJ0eXAiOiJKV1QiLCJhbGciOiJIUzUxMiJ9.eyJzdWIiOiJzbm93ZHJvcDYzNDJAbmF2ZXIuY29tIiwiZXhwIjoxNjQ5NzQ0NzM5LCJlbWFpbCI6InNub3dkcm9wNjM0MkBuYXZlci5jb20ifQ.8sqw9GIJ1GzYB2SGmj0PknxVdHSQCeS5tgvWOoSCEYp28TvRPw7ifw0u5W87GB_U3SzAhOMLKNKr8u1qf2UD3w', '0', b'0'),
	(58, b'1', '', 'wotjd4725@naver.com', '', NULL, '', NULL, '윤재성', 'native', '$2a$10$n/JWrxJGnYDeG6CeQpP/F.nKr7Hu.yN7z6B8VuQjTu79D7T93wAAK', '', 'eyJ0eXAiOiJKV1QiLCJhbGciOiJIUzUxMiJ9.eyJzdWIiOiJ3b3RqZDQ3MjVAbmF2ZXIuY29tIiwiZXhwIjoxNjQ5NzQ1MjMwLCJlbWFpbCI6IndvdGpkNDcyNUBuYXZlci5jb20ifQ.4b8y09zqrD6S-s8Z2OWsU0DVeyfDcoArVRH6I1GeoyzaEfEdEZzoHhOaTWS2GvRXCuV-xivT78u-Y55LGmoWeg', '0', b'0'),
	(59, b'1', NULL, 'pjh00098@gmail.com', NULL, 'https://lh3.googleusercontent.com/a-/AOh14GgthxGKln-01ueoJ8A2ee47Duf6jajGl85WChPN=s96-c', NULL, NULL, '박종호', 'google', '$2a$10$96f8hRCVpAa06jQgCym5u.PAc30jKFme9K44oHknn5lK.AvOcHNWG', NULL, 'eyJ0eXAiOiJKV1QiLCJhbGciOiJIUzUxMiJ9.eyJzdWIiOiJwamgwMDA5OEBnbWFpbC5jb20iLCJleHAiOjE2NDk3NDU0ODMsImVtYWlsIjoicGpoMDAwOThAZ21haWwuY29tIn0.ZwTLNwDY9NZl7wDihgCi1_9Eu6rIHjZgluafJnuGqriwkSu64VX4xs5BaHB_ssSGwendX1oT_2Nxf20lLYDPcQ', '0', b'0'),
	(60, b'1', NULL, 'inhaaaaa96@gmail.com', NULL, 'https://lh3.googleusercontent.com/a/AATXAJzMxr6sVAyPDe5tFZ5-DykjhUcczYZveP1wTTOxFA=s96-c', NULL, NULL, '인하DIANA', 'google', '$2a$10$RJ4S4gJCRWQlUX98j2h0SO/NUvLSihJ9ALGEZYSuydKuTPPiQaK.6', NULL, 'eyJ0eXAiOiJKV1QiLCJhbGciOiJIUzUxMiJ9.eyJzdWIiOiJpbmhhYWFhYTk2QGdtYWlsLmNvbSIsImV4cCI6MTY0OTc0NTYxNCwiZW1haWwiOiJpbmhhYWFhYTk2QGdtYWlsLmNvbSJ9.7X7k-4mWcCLgPBQ4pFrH0fa77mWsJYClZp_ah2Y3kfnh9Bpd0Wxds1cQBstVzTqMoFmPqdPdq5Vewg1M0JWuug', '0', b'0'),
	(61, b'1', NULL, 'ckdrl1724@gmail.com', NULL, 'https://lh3.googleusercontent.com/a/AATXAJxUoqi6iaHDNtywU7Wg6lmX8ZU1AQ9Rb6ph-ag=s96-c', NULL, NULL, '전창기', 'google', '$2a$10$B85VEoDu3af5MDFuqliekeSyLPTpAU0F24cRGIwI3J1AfJ2uvR8Hu', NULL, 'eyJ0eXAiOiJKV1QiLCJhbGciOiJIUzUxMiJ9.eyJzdWIiOiJja2RybDE3MjRAZ21haWwuY29tIiwiZXhwIjoxNjQ5NzQ2MDc4LCJlbWFpbCI6ImNrZHJsMTcyNEBnbWFpbC5jb20ifQ.KnnNbzQmoZzU4ocBLpQjhMMiBMtFzaAcA7vu9TT6nfRIwsjUGDmddbePvP5hWBgEcBwUvOfpXBuDQuJfpNsOZw', '0', b'0'),
	(62, b'1', NULL, 'codepark21@gmail.com', NULL, 'https://lh3.googleusercontent.com/a-/AOh14Gh_QYdkEWJ2lp6IXpAJ5XtuQELxpCct0JW6w4t4=s96-c', NULL, NULL, '박주윤', 'google', '$2a$10$hNNYw2WY/6db.qKdGR9QUuliuXhxezZCaJVqQy4tk4u9nSy6Szvsq', NULL, 'eyJ0eXAiOiJKV1QiLCJhbGciOiJIUzUxMiJ9.eyJzdWIiOiJjb2RlcGFyazIxQGdtYWlsLmNvbSIsImV4cCI6MTY0OTc0NjIxMywiZW1haWwiOiJjb2RlcGFyazIxQGdtYWlsLmNvbSJ9.tIC4hWO5luvOTAyjupXiyyKAnJR7iNwr7vh9-6kZs_-JzcPvU4OaFEO1_juheAIAi4tcMR96SV7RXrGUpMdb0A', '0', b'0'),
	(63, b'1', NULL, 'jbright0504@gmail.com', NULL, 'https://lh3.googleusercontent.com/a/AATXAJwRFQShZVfzKFIs8NfZPJC1pCeTxQ8luH9TZE8Z=s96-c', NULL, NULL, '제진명', 'google', '$2a$10$LTtab.zPMGlgJsAxxMSrpOb.hAab7zmEYiBkV4LxPxq6R9cssXsBK', NULL, 'eyJ0eXAiOiJKV1QiLCJhbGciOiJIUzUxMiJ9.eyJzdWIiOiJqYnJpZ2h0MDUwNEBnbWFpbC5jb20iLCJleHAiOjE2NDk3NDYyMzQsImVtYWlsIjoiamJyaWdodDA1MDRAZ21haWwuY29tIn0.VweE3Oau0MfchtjICnKrqvSK3CT_UpmJbioJALy0AOroxXg9fS4i5GVuGBHTLYbo0pNB86diMIBRLIh5mvlwDA', '0', b'0'),
	(64, b'1', '2094-01-14T00:00:00.000Z', 'seongjaee12@gmail.com', 'MALE', 'https://lh3.googleusercontent.com/a/AATXAJzy4T2UpGBmNeUaqiWshgn76UmmCUn0fhabIZPH=s96-c', '디자인', 'ISTP', '안녕하세요', 'google', '$2a$10$Em74MN4FQhsyIVrY7mB0GuxJTEaT7TxpcOTUmzFyaKRxvYIaNqha6', '0', 'eyJ0eXAiOiJKV1QiLCJhbGciOiJIUzUxMiJ9.eyJzdWIiOiJzZW9uZ2phZWUxMkBnbWFpbC5jb20iLCJleHAiOjE2NDk3NDYyNzEsImVtYWlsIjoic2VvbmdqYWVlMTJAZ21haWwuY29tIn0.yApuBG8xy-sSriCA9U_TtscaXLTa45-YFuKFtRqkU_iGhG124YmaeDKPc824iR6vf09bqqJfk4g8Ab1gcekraQ', '0', b'0'),
	(65, b'1', NULL, 'happydbsdud@gmail.com', NULL, 'https://lh3.googleusercontent.com/a/AATXAJwWq5gwbRE5bBPOlC6lYg4STEkkX-vJz0DlEpUC=s96-c', NULL, NULL, 'Yuny', 'google', '$2a$10$VPAb3Nn8tgU8.JmeOVu99eh.oPTYlxOMesmd555VjYv7kQoDThit.', NULL, 'eyJ0eXAiOiJKV1QiLCJhbGciOiJIUzUxMiJ9.eyJzdWIiOiJoYXBweWRic2R1ZEBnbWFpbC5jb20iLCJleHAiOjE2NDk3NDYzNDksImVtYWlsIjoiaGFwcHlkYnNkdWRAZ21haWwuY29tIn0.vWLoAIi49eVU4i7ZqsgyiqXizFxzHcOYCR8LhOTKArUXS2-Mqq9Z_fEC4NgEDISoUP66CBaSyI22aZssKzFMgw', '0', b'0'),
	(66, b'1', NULL, 'ninini6630@gmail.com', NULL, 'https://lh3.googleusercontent.com/a/AATXAJwpk4sFUV3PwEkqse46OMAMGQliJIKB4IMv9pfu=s96-c', NULL, NULL, '김형준', 'google', '$2a$10$tZSOs9tvj7zd5CQaLXNjjOrjNLJIxLjmvWn5YBWldCGDORFMS1oDK', NULL, 'eyJ0eXAiOiJKV1QiLCJhbGciOiJIUzUxMiJ9.eyJzdWIiOiJuaW5pbmk2NjMwQGdtYWlsLmNvbSIsImV4cCI6MTY0OTc0NjM4MCwiZW1haWwiOiJuaW5pbmk2NjMwQGdtYWlsLmNvbSJ9.uLiAk-zEt5LWjNzO7iGLY8n87YPHoMaHrsR1IzSX1YXEVTvsy3S-A3omKU1SUAm8y3mg4GfmD-SdEdtLJeOIgw', '0', b'0'),
	(67, b'1', '1986-12-11T00:00:00.000Z', 'joody.kim.dev@gmail.com', 'MALE', 'https://lh3.googleusercontent.com/a/AATXAJyofAdx8c9Akzt4mj8KvQCfyjpx3aefiqV1Js3p=s96-c', '연구개발/설계', 'ENTP', 'Jooyoung Kim', 'google', '$2a$10$P4DN7tPbIm7OCmIq6fl4MeNTXWpRZuxWZ49wIPCx6aR/0tj73YaX6', '9', 'eyJ0eXAiOiJKV1QiLCJhbGciOiJIUzUxMiJ9.eyJzdWIiOiJqb29keS5raW0uZGV2QGdtYWlsLmNvbSIsImV4cCI6MTY0OTgxNTYzMSwiZW1haWwiOiJqb29keS5raW0uZGV2QGdtYWlsLmNvbSJ9.By8oTUSgvPHIMr3RyaHf1xV5dFyi4cE_bUXMCNcwNeBlge_7dz5tvHJBc-AHc5VsKSfL0OisvH1PwbIjRNquLw', '0', b'0'),
	(68, b'1', NULL, 'kennyseo454@gmail.com', NULL, 'https://lh3.googleusercontent.com/a/AATXAJxw0lrcVRZBJ5uBAl701aF3mys0Jg4VT01UuWTz=s96-c', NULL, NULL, '[대전_2반_서형준]', 'google', '$2a$10$2IPVjF/RZVwwYhuZHBrt4uKPaZC0samTSxud6I/ssqOGR/nY9nwoq', NULL, 'eyJ0eXAiOiJKV1QiLCJhbGciOiJIUzUxMiJ9.eyJzdWIiOiJrZW5ueXNlbzQ1NEBnbWFpbC5jb20iLCJleHAiOjE2NDk5MTU2NzgsImVtYWlsIjoia2VubnlzZW80NTRAZ21haWwuY29tIn0.w0XxcJxhbGPJogkd5GJmD_K-jNlUp-NF3XXagKyExGi9XWIvpUhMAfR3uHZwDn01bYIHc1op9Lxjg3MC3mHGiw', '0', b'0'),
	(69, b'1', '', 'shi2378@naver.com', '', NULL, '', NULL, '박윤경', 'native', '$2a$10$E/bRvfV5nCjAjeoVr1ksHuOfMw9JupIImyG9yXT1d26iiyJ7Kn5uu', '', 'eyJ0eXAiOiJKV1QiLCJhbGciOiJIUzUxMiJ9.eyJzdWIiOiJzaGkyMzc4QG5hdmVyLmNvbSIsImV4cCI6MTY0OTc0NjQ3OCwiZW1haWwiOiJzaGkyMzc4QG5hdmVyLmNvbSJ9.HY_pOtPOvZtpv60NRKZPI57xIE4hNQ20aOpxCvmQzMKMYn9kPfuLuVBfnDurlPzLB__m8X5yPv1BngOTETBOmg', '0', b'0'),
	(70, b'1', '1997-05-17T15:00:00.000Z', 'gyh8781@gmail.com', 'MALE', 'https://lh3.googleusercontent.com/a/AATXAJxG3wmn75tHo3Xfq3Yf4YoLdIwet5dFyQ2jyflX=s96-c', 'IT/인터넷', 'ISTJ', '[A507] 공윤환', 'google', '$2a$10$z3Y4mNFmARA2eaeIjteH7.R/f6txFtvq9HuErReAzFyNRNAzaBsnq', '0', 'eyJ0eXAiOiJKV1QiLCJhbGciOiJIUzUxMiJ9.eyJzdWIiOiJneWg4NzgxQGdtYWlsLmNvbSIsImV4cCI6MTY1MDQ0NzQ3OCwiZW1haWwiOiJneWg4NzgxQGdtYWlsLmNvbSJ9._B2__1y1oLK3AtNEiGD66iq7_Oddb5eLyr4YOvkAski5ZnmKG5QCm2bcgcR2WpMLUXDTWYVc7RFN5Ai1yJ1WZA', '2', b'0'),
	(71, b'1', '1930-02-27T15:00:00.000Z', 'wood6079@naver.com', 'FEMALE', NULL, '경영/사무', 'ESFJ', '콩두두콩', 'native', '$2a$10$1IiUJvH296Iuu9sp2UdQwefOW9jI3nWQAOyPYJNwrzGRDCbERYx5e', '10', 'eyJ0eXAiOiJKV1QiLCJhbGciOiJIUzUxMiJ9.eyJzdWIiOiJ3b29kNjA3OUBuYXZlci5jb20iLCJleHAiOjE2NTAyNjgyOTksImVtYWlsIjoid29vZDYwNzlAbmF2ZXIuY29tIn0.rBEREUEhbKc38hma5leHjvY2XVZwhTOgI8H-LCHubSDf1vB3S_s_D8TSosBnllpsQTgIOSvq1vk6URR2LjOWsg', '0', b'0'),
	(72, b'1', NULL, 'thdalstn6352@gmail.com', NULL, 'https://lh3.googleusercontent.com/a/AATXAJzHPzQuI5tSQLEF71dOsU0BwKJLqN9t272HdHmw=s96-c', NULL, NULL, '송민수', 'google', '$2a$10$w.Xy7lKpAc2B8FQT2Oe/POA/11/EN1kHq.QbMgrHKcoqPUKDNF03u', NULL, 'eyJ0eXAiOiJKV1QiLCJhbGciOiJIUzUxMiJ9.eyJzdWIiOiJ0aGRhbHN0bjYzNTJAZ21haWwuY29tIiwiZXhwIjoxNjQ5NzQ3OTExLCJlbWFpbCI6InRoZGFsc3RuNjM1MkBnbWFpbC5jb20ifQ.Tcy9k2dcKi2oCrhgf5RY-jadaung54OIUFoainersxprXqp58eOJe9Rw-QtHBlw0Gl8WMQpYe5EklmBmaJp9Xw', '0', b'0'),
	(73, b'1', NULL, 'byh64807744@gmail.com', NULL, 'https://lh3.googleusercontent.com/a/AATXAJzHUbYFouB-5sbjyuNEOtPerMbOrpJolbnEGp0=s96-c', NULL, NULL, '배용한', 'google', '$2a$10$BaZRVfLTSJSCjMHXfRfF3ejZIbCQe3hP1A8hnO7Nqt1QY9ZYtPBRO', NULL, 'eyJ0eXAiOiJKV1QiLCJhbGciOiJIUzUxMiJ9.eyJzdWIiOiJieWg2NDgwNzc0NEBnbWFpbC5jb20iLCJleHAiOjE2NDk3NDc5NjEsImVtYWlsIjoiYnloNjQ4MDc3NDRAZ21haWwuY29tIn0.DLZTnqLQGPOPUrf1R5gDMnoaT1PzPBm6XI-hcDvo0weLCXhaKleeL2i7QoXzNakyPtmv4BAcHSYNExh7gOkrCQ', '0', b'0'),
	(74, b'1', NULL, 'ssafy0061@gmail.com', NULL, 'https://lh3.googleusercontent.com/a/AATXAJx0dRVlzUh6WU3XvR8ojDUsOZGDafXblYASRC1Z=s96-c', NULL, NULL, 'sangyong seo', 'google', '$2a$10$Qwu7u5bsSEqrWKA2xtBCRO8K46p928ySSFBHEwbMa3yvq0/RIuQiC', NULL, 'eyJ0eXAiOiJKV1QiLCJhbGciOiJIUzUxMiJ9.eyJzdWIiOiJzc2FmeTAwNjFAZ21haWwuY29tIiwiZXhwIjoxNjQ5NzQ4MTM3LCJlbWFpbCI6InNzYWZ5MDA2MUBnbWFpbC5jb20ifQ.nmD0jq1HoU0UTUZWabCq_ZYZtCYRnB0vu3GIYWG6bEQdqkKJbMDiigqp-dPJ1bV7R1_bXYRoYxEn9asV7td-QQ', '0', b'0'),
	(75, b'1', '2022-03-30T07:26:18.000Z', 'tnfla9689@naver.com', 'FEMALE', NULL, 'IT/인터넷', 'INFP', '이수림', 'native', '$2a$10$Tx5hCw0hPqc0by6bB.g4Xet/HOVk6WgoScjvQhZ2.2OppTJlbd7US', '0', 'eyJ0eXAiOiJKV1QiLCJhbGciOiJIUzUxMiJ9.eyJzdWIiOiJ0bmZsYTk2ODlAbmF2ZXIuY29tIiwiZXhwIjoxNjQ5ODMyNTAyLCJlbWFpbCI6InRuZmxhOTY4OUBuYXZlci5jb20ifQ.RjPvRwPSE0YrprwVcGGnO40-hS-MESw8-_HAi78fLkbxZFfDKjvNNWdkcDpamjZsPcSz40faJd4B5crz4uB62A', '0', b'0'),
	(76, b'1', NULL, '2dend0713@gmail.com', NULL, 'https://lh3.googleusercontent.com/a-/AOh14GiBD94d5cnSh5ca1h2dsX7bCyZKG4ubGsZUSgT9cg=s96-c', NULL, NULL, 'Sanghyun Park', 'google', '$2a$10$TQfkxml9oJ4gs6jiJ7fioutcicTae2qimBEyrUUnD7/LuPHdCyGMW', NULL, 'eyJ0eXAiOiJKV1QiLCJhbGciOiJIUzUxMiJ9.eyJzdWIiOiIyZGVuZDA3MTNAZ21haWwuY29tIiwiZXhwIjoxNjQ5NzQ4NDc3LCJlbWFpbCI6IjJkZW5kMDcxM0BnbWFpbC5jb20ifQ.-edNDb06N3VkQBfaimHDvp2Hlt6NSu19ckUUANzfUkJjdvzLIOf5F4yv-Qw6HPfAXWMEa7aLTgP33XyM1Cat3g', '0', b'0'),
	(77, b'1', NULL, 'mingu4969@gmail.com', NULL, 'https://lh3.googleusercontent.com/a/AATXAJwl9ii6QNFpau1ZtukybtU9WMuezeHjUPUpmd6H=s96-c', NULL, NULL, '황금열쇠', 'google', '$2a$10$1iPP6UUxyAHQ9a.l1gAKkuCM7YsAKlchm9SlohsXiy2aejF4jEjo.', NULL, 'eyJ0eXAiOiJKV1QiLCJhbGciOiJIUzUxMiJ9.eyJzdWIiOiJtaW5ndTQ5NjlAZ21haWwuY29tIiwiZXhwIjoxNjQ5NzQ4ODgyLCJlbWFpbCI6Im1pbmd1NDk2OUBnbWFpbC5jb20ifQ.PSPXCjhqa74fxdDYWG16tM5SeTS99x2FsJ7iAMwm2l738W2jT8DBsQy21Nmk0_kWp5zQsyu22dQa2JixFe_dvw', '0', b'0'),
	(78, b'1', NULL, 'syeonc1008@gmail.com', NULL, 'https://lh3.googleusercontent.com/a/AATXAJxWDXDiRdBF0j_Fg5vSsQdV-3RFqISPCdW13r8sFA=s96-c', NULL, NULL, 'sue', 'google', '$2a$10$q4FGrwaxILJ.VehcrdU3JuoRWzC4dvBOF6EIqY9P5bnpsuBBNBNNe', NULL, 'eyJ0eXAiOiJKV1QiLCJhbGciOiJIUzUxMiJ9.eyJzdWIiOiJzeWVvbmMxMDA4QGdtYWlsLmNvbSIsImV4cCI6MTY0OTc0OTcwNywiZW1haWwiOiJzeWVvbmMxMDA4QGdtYWlsLmNvbSJ9.e52zaglUJMzdk814uiDy3aEXENSFyuLBcXsYYU-VUA7GnWDF3Qnq5lmWyqH-JIRPNEdun_3OPTETTSDqMFmMtw', '0', b'0'),
	(79, b'1', '2022-03-04T07:50:12.000Z', 'jesonk3@naver.com', 'FEMALE', NULL, 'IT/인터넷', 'ISFP', '한윤희', 'native', '$2a$10$79Si9V95q3XASDIuW5V.huxgEpQDAhWr7ol.8cDK6Zu6c04ZfKwRq', '2', 'eyJ0eXAiOiJKV1QiLCJhbGciOiJIUzUxMiJ9.eyJzdWIiOiJqZXNvbmszQG5hdmVyLmNvbSIsImV4cCI6MTY0OTc0OTc1MiwiZW1haWwiOiJqZXNvbmszQG5hdmVyLmNvbSJ9.Rd92IDOrlrvkW5uF54AMF0HpEHgj-6UDKqdwgcogHHtZJammJoxJw_C2owiOVWTSQ86a5T2f-3qufl0Wrv-ukQ', '0', b'0'),
	(80, b'1', NULL, 'wrh95222@gmail.com', NULL, 'https://lh3.googleusercontent.com/a-/AOh14GiRsSu_8dPGp8tcCIyqxVgkb3TfXdCVMOWlxR_qFw=s96-c', NULL, NULL, 'wr', 'google', '$2a$10$19qczSzwU4aAewwkCBZzW.twYT1z/npZk.6xqR7jnTXGADmO6PosG', NULL, 'eyJ0eXAiOiJKV1QiLCJhbGciOiJIUzUxMiJ9.eyJzdWIiOiJ3cmg5NTIyMkBnbWFpbC5jb20iLCJleHAiOjE2NDk3NDk3ODgsImVtYWlsIjoid3JoOTUyMjJAZ21haWwuY29tIn0.qpG-Vl9XfzJft8ohMBqwTlOXNsL1aW6M2kDzZswq5vzcDD7wHKSCFmxvR2qx9YFDPbdO9kcpOhKrLNm6muNwCQ', '0', b'0'),
	(81, b'1', NULL, 'tmdlzk39@gmail.com', NULL, 'https://lh3.googleusercontent.com/a/AATXAJz9SDXFNmBeMBMJUSHjirrjQ8DxfJk3uttGqdiW=s96-c', NULL, NULL, '박수아', 'google', '$2a$10$Uocitn3BNVYNJnkMUSL2iON9ksLGnEEflr4TXDyMaO.6se3FvCR4C', NULL, 'eyJ0eXAiOiJKV1QiLCJhbGciOiJIUzUxMiJ9.eyJzdWIiOiJ0bWRsemszOUBnbWFpbC5jb20iLCJleHAiOjE2NDk3NDk5MDcsImVtYWlsIjoidG1kbHprMzlAZ21haWwuY29tIn0.kxPipi712bwGJbYeCNJh9awfcv2-g5-mF1garRSlXzn4zljIL0WvcW8x4iY4PF03xH7ctSA3L4P-hJjOHNrnzg', '0', b'0'),
	(82, b'1', NULL, 'sorrow4468@gmail.com', NULL, 'https://lh3.googleusercontent.com/a/AATXAJw517y3aMbvW0h8m_Hn39cDery0GFOKxp0Y2TMi=s96-c', NULL, NULL, '이정원', 'google', '$2a$10$HD7QdWrcJzgN9re2NZj5Z.CbFPzJfj90pOqzYQY1C0b/J/pLAL5eq', NULL, 'eyJ0eXAiOiJKV1QiLCJhbGciOiJIUzUxMiJ9.eyJzdWIiOiJzb3Jyb3c0NDY4QGdtYWlsLmNvbSIsImV4cCI6MTY0OTc1MDAxMywiZW1haWwiOiJzb3Jyb3c0NDY4QGdtYWlsLmNvbSJ9.2WZlhECgNuHl6oC9N9P0wxS2X9NgkJQUnyV1wvRCwEi0K5qqRED2sLvD9YO1vW_kIJYPOTjDE8jdrAqdc9Uc4w', '0', b'0'),
	(83, b'1', NULL, 'qwer62636275@gmail.com', NULL, 'https://lh3.googleusercontent.com/a/AATXAJzYQvjv4VGcMUOwjTM4tKdUL2r6xlajMB7tFRX3=s96-c', NULL, NULL, '장영하', 'google', '$2a$10$ZGhQ1JqteF5rWIXV2IoRqeqjfKUV5PT4ZurxWED5Eqn3hvSyapLz6', NULL, 'eyJ0eXAiOiJKV1QiLCJhbGciOiJIUzUxMiJ9.eyJzdWIiOiJxd2VyNjI2MzYyNzVAZ21haWwuY29tIiwiZXhwIjoxNjQ5NzU3Nzk4LCJlbWFpbCI6InF3ZXI2MjYzNjI3NUBnbWFpbC5jb20ifQ.f64hQ9Q6wYe2u949EitoByx-KA49sWij0e_6xOCo8-LNt8IVhX8h5QQhtqyEh60AM3-tKhiVIu553-7DgDmsaw', '0', b'0'),
	(84, b'1', NULL, 'leejh8117@gmail.com', NULL, 'https://lh3.googleusercontent.com/a-/AOh14Ggkq0CR3rTrzMup-WmrzAdGg67T6HNRGj0VEQAj1g=s96-c', NULL, NULL, '비공개', 'google', '$2a$10$A5W6euK/ddxUjwihl32UE.pFyWxbYvFky/drQPeKFSTO04MNiQ3GG', NULL, 'eyJ0eXAiOiJKV1QiLCJhbGciOiJIUzUxMiJ9.eyJzdWIiOiJsZWVqaDgxMTdAZ21haWwuY29tIiwiZXhwIjoxNjQ5NzU5Mjc4LCJlbWFpbCI6ImxlZWpoODExN0BnbWFpbC5jb20ifQ.3hvQRg7oSqpKpCUvhRHCHgHMvzFesnMnxcxeqazaFSUbzgR8DHf2UowWNlOWuPS5eOaXYNrq4h5FDQ4xvXTq7A', '0', b'0'),
	(85, b'1', NULL, 'wlgus6721@gmail.com', NULL, 'https://lh3.googleusercontent.com/a-/AOh14Ghuyo-qJggZ9QfXImtoKG1yDDVmJTM_KsZXhG84I0U=s96-c', NULL, NULL, '오전', 'google', '$2a$10$FjzGIEL7UV9Qp7CuLZDe9e.0DnAEVT17nT.q0REXvhcYv6DE0TK7u', NULL, 'eyJ0eXAiOiJKV1QiLCJhbGciOiJIUzUxMiJ9.eyJzdWIiOiJ3bGd1czY3MjFAZ21haWwuY29tIiwiZXhwIjoxNjQ5NzU5NTQyLCJlbWFpbCI6IndsZ3VzNjcyMUBnbWFpbC5jb20ifQ.573qaus1tH2E9FI_VepFuB5xGiNnvU0GEEmatD23Yxo4_D5vqcPRoIkUZWjzam3EQ-lJXGvv9K907-kdaEaQ1A', '0', b'0'),
	(86, b'1', '1997-03-11T11:10:31.000Z', 'dmswl_0311@naver.com', 'FEMALE', NULL, 'IT/인터넷', 'ISTJ', '은지', 'native', '$2a$10$HUAbx4.4IUD3mBBgs7hvR.NOY2l1qDZP.MIie.bGGBFImWY8oNko2', '0', 'eyJ0eXAiOiJKV1QiLCJhbGciOiJIUzUxMiJ9.eyJzdWIiOiJkbXN3bF8wMzExQG5hdmVyLmNvbSIsImV4cCI6MTY0OTc2MTgwNSwiZW1haWwiOiJkbXN3bF8wMzExQG5hdmVyLmNvbSJ9.KKD0e2JFtV9d3pnlRBPb9icnXvejd51Og8PYuS-m37tUeQNt_wC6pB1VuVYGnwpMKQHSi4caCtUjpsCjB423Iw', '0', b'0'),
	(87, b'1', NULL, 'chzh0571@gmail.com', NULL, 'https://lh3.googleusercontent.com/a/AATXAJy7d59hHLDpuvUmTatqNSxRq2IAuD5cNNs8EZQP=s96-c', NULL, NULL, '김주희', 'google', '$2a$10$KbZ3mz0CVUxRh/VL3XDDzu3RFAYhUOUOHrEGNk2lBv2c5YikE3Z..', NULL, 'eyJ0eXAiOiJKV1QiLCJhbGciOiJIUzUxMiJ9.eyJzdWIiOiJjaHpoMDU3MUBnbWFpbC5jb20iLCJleHAiOjE2NDk3NjIzMDcsImVtYWlsIjoiY2h6aDA1NzFAZ21haWwuY29tIn0.7GAzbjaJG74OebzDqbscFNe3sFcfhvPtz3hq9vgDBgoXvN24FRuD0KmAGuwFf8gPLaD06BQgAe3uqpeZ0GKUIA', '0', b'0'),
	(88, b'1', '2022-04-05T05:20:09.000Z', 'woo9515jy@gmail.com', 'MALE', 'https://lh3.googleusercontent.com/a-/AOh14GiyA141275G3fi-AjDqr0nqmJQgJPBJw7agpXUC=s96-c', '연구개발/설계', 'ESFP', '둥이조아', 'google', '$2a$10$/3TQyRdHsjoJgKtRqsH5NORjtV2NOhTmJ9egfZmljwEuLtyMpMGde', '1', 'eyJ0eXAiOiJKV1QiLCJhbGciOiJIUzUxMiJ9.eyJzdWIiOiJ3b285NTE1anlAZ21haWwuY29tIiwiZXhwIjoxNjQ5ODI4NjMwLCJlbWFpbCI6Indvbzk1MTVqeUBnbWFpbC5jb20ifQ.V0NRJHiw6TO4tqanSW6TltVCnes0EZrZl-FZ_lZ4IGQoaKQbgtETdnaFz3wVAOUGaxN_i5UbDgKhFIPBEjqalA', '0', b'0'),
	(89, b'1', NULL, 'sy.hwang1s29@gmail.com', NULL, 'https://lh3.googleusercontent.com/a/AATXAJxOCM0pwd0-eEgrGdzLkcivQ3N7Oc4drn_oFQyc=s96-c', NULL, NULL, 'Soo-young Hwang', 'google', '$2a$10$ERmwBoPf4yx3bIF3jWdAqOL0XKYNvaeCg1x6Vbr6Gt7SlV2TQPlUK', NULL, 'eyJ0eXAiOiJKV1QiLCJhbGciOiJIUzUxMiJ9.eyJzdWIiOiJzeS5od2FuZzFzMjlAZ21haWwuY29tIiwiZXhwIjoxNjQ5NzY3ODcxLCJlbWFpbCI6InN5Lmh3YW5nMXMyOUBnbWFpbC5jb20ifQ.zgS55SAQMv7TzRy_NArxuXDz_53addfDhoEeWV3hcQlZ0R5rmWmj5_UJIWr8JGEdNR6CseMhsE9UAcl54-H4EA', '0', b'0'),
	(90, b'1', '', 'lyj4856@naver.com', '', NULL, '', NULL, '이영집', 'native', '$2a$10$2w2rUNNk8P7usd48c8SLKO0WbzaHm9ZRZ3NDJVO0YiG7OK2520tni', '', 'eyJ0eXAiOiJKV1QiLCJhbGciOiJIUzUxMiJ9.eyJzdWIiOiJseWo0ODU2QG5hdmVyLmNvbSIsImV4cCI6MTY0OTc3MjU4NSwiZW1haWwiOiJseWo0ODU2QG5hdmVyLmNvbSJ9.PEpKUAbhkp95IQgHAo4yrKQd1yiGTEWYMQy61T4fvoCWNbe3Zpuky0PPjCqTqxIBSfdLUXdzU_aZRFOFbTwEmg', '0', b'0'),
	(91, b'1', NULL, 'success4eat@gmail.com', NULL, 'https://lh3.googleusercontent.com/a-/AOh14Ghgj_8QnjXTr3vgXrcn0rEr0rti2uW9XkJRoEfE=s96-c', NULL, NULL, '9 9', 'google', '$2a$10$9TlatcYo/KAM8P6QjZy9l.WUNTGsXG4b8jyHzbxwsCHXj9f/wPA.G', NULL, 'eyJ0eXAiOiJKV1QiLCJhbGciOiJIUzUxMiJ9.eyJzdWIiOiJzdWNjZXNzNGVhdEBnbWFpbC5jb20iLCJleHAiOjE2NDk3NzQwNDAsImVtYWlsIjoic3VjY2VzczRlYXRAZ21haWwuY29tIn0.7dfd_Ecr__OT2kQg1oNIAqRLbjkgsQ41YJPS6aaEvexA4oZOrogkj2mkM51e7FayBMmxKXxfA6EV9k4ATsXgeQ', '0', b'0'),
	(92, b'1', NULL, 'rlatpwls15@naver.com', NULL, NULL, NULL, NULL, '김세진', 'native', '$2a$10$xDt0ngK2T.5je8Kcx81HNOZHkUgfFuOkuME46W1dlXAq/aPaJ7s4q', NULL, 'eyJ0eXAiOiJKV1QiLCJhbGciOiJIUzUxMiJ9.eyJzdWIiOiJybGF0cHdsczE1QG5hdmVyLmNvbSIsImV4cCI6MTY0OTc3ODAwMywiZW1haWwiOiJybGF0cHdsczE1QG5hdmVyLmNvbSJ9.HKHiqLKfNQGdfcxYgFobr100qYAGeNf_YQGcPJB88ZqrF8CxCMBBe7iXebo1v62SPODBHsJubm4GP3wADZLTtQ', '0', b'0'),
	(93, b'1', NULL, 'yellowisher@naver.com', NULL, NULL, NULL, NULL, '이건영', 'native', '$2a$10$gtvxw.oxQZ666bNS5112iufOr/ajVxz/lXrjPkXcczz5TyS8ZuOeO', NULL, 'eyJ0eXAiOiJKV1QiLCJhbGciOiJIUzUxMiJ9.eyJzdWIiOiJ5ZWxsb3dpc2hlckBuYXZlci5jb20iLCJleHAiOjE2NDk4NDI2MzAsImVtYWlsIjoieWVsbG93aXNoZXJAbmF2ZXIuY29tIn0.cKPCOdFC0nCDYCQ2cEpK9tNrL5bcx3ha4FGa1s12TBos2slLz6wn_Jf4otG5oMCSVMvu0itOOomCNVJEZeEJyA', '0', b'0'),
	(94, b'1', NULL, 'ybj121725@gmail.com', 'MALE', 'https://lh3.googleusercontent.com/a-/AOh14GgVTNkZHgaxpmzVIuK7ekOj7DTyIEuNU5gqmt98xA=s96-c', 'IT/인터넷', 'ENTP', '노병순', 'google', '$2a$10$r4tRx.jqQlqiUFRZN9RQYec6/R2jzq9DXQPDtQrUfrcq1BBGYqAwy', '1', 'eyJ0eXAiOiJKV1QiLCJhbGciOiJIUzUxMiJ9.eyJzdWIiOiJ5YmoxMjE3MjVAZ21haWwuY29tIiwiZXhwIjoxNjQ5ODI0MzQ1LCJlbWFpbCI6InliajEyMTcyNUBnbWFpbC5jb20ifQ.Ja71HTGRSx_Kzw4TRj1k0vDxwCSOdN8IkA-1bCS1oTHP2_WLcpDJ__liFOZz0f7VitdET7MstdKRTpOFTaXGrg', '0', b'0'),
	(95, b'1', '1986-12-11T00:00:00.000Z', 'ohgreat11@gmail.com', 'MALE', 'https://lh3.googleusercontent.com/a-/AOh14GiM127bgDjTkIhdGGrykDKUiTLaa6I4LJe1HskVKCU=s96-c', '연구개발/설계', 'ENTP', 'JoodyKim', 'google', '$2a$10$1LsKGuMnKLB4DQChnSsmYe2kUyAPhp7BwIkDmRyeSoWPNBkw5Ip0.', '9', 'eyJ0eXAiOiJKV1QiLCJhbGciOiJIUzUxMiJ9.eyJzdWIiOiJvaGdyZWF0MTFAZ21haWwuY29tIiwiZXhwIjoxNjQ5ODI2Nzk2LCJlbWFpbCI6Im9oZ3JlYXQxMUBnbWFpbC5jb20ifQ.G1vy6y3i1MWXuTYMCqQEeEX_3iUIEY3kJ9rT4-wGGbTLwNHf6SMBBXSmlMzrGzyWBpn6TZxRgabN3e75wgDEiw', '0', b'0'),
	(96, b'1', '1998-01-24T04:41:16.000Z', 'stella1767@naver.com', 'FEMALE', '', '경영/사무', 'ISFP', 'ssafy', 'native', '$2a$10$Q0C/EhVIZQ6mG2OgdQVwRO.yYyvi2gX.UNiEWlz6LRA3eu9mPwLHO', '0', 'eyJ0eXAiOiJKV1QiLCJhbGciOiJIUzUxMiJ9.eyJzdWIiOiJzdGVsbGExNzY3QG5hdmVyLmNvbSIsImV4cCI6MTY1MDQ1NzcyNCwiZW1haWwiOiJzdGVsbGExNzY3QG5hdmVyLmNvbSJ9.ArtolgIujGycyeQ6KbHTq11WIGQ24QrHlvv6m_0wkp7QPcT419KKcF3ojGKcesm_6sjA5bQOYcTG7lS1kwMRbw', '0', b'0'),
	(97, b'1', NULL, 'chance213@naver.com', NULL, NULL, NULL, NULL, '정현', 'native', '$2a$10$/ISZgKIzqX5m4sF6EsguuurFahZmfzcmj.v0NPGrU1JWJnsJkPI.K', NULL, 'eyJ0eXAiOiJKV1QiLCJhbGciOiJIUzUxMiJ9.eyJzdWIiOiJjaGFuY2UyMTNAbmF2ZXIuY29tIiwiZXhwIjoxNjQ5ODk2NzcxLCJlbWFpbCI6ImNoYW5jZTIxM0BuYXZlci5jb20ifQ.yAstQzbcb2vQHUgYHfVN_N8TjivZ4A2IXhw_EHgypm_8QBRxYj4lLtWThM1fP4nKhbPls9ArbbPD1DJJx1OTkQ', '0', b'0'),
	(98, b'1', '2022-04-13T08:42:02.000Z', 'guswhddlf11@gmail.com', 'MALE', 'https://lh3.googleusercontent.com/a-/AOh14GgBCtUM_Rj_H61XDiqpjoRnlwZBwUvBH6tINbPG=s96-c', '경영/사무', 'ISTJ', '현종일', 'google', '$2a$10$9DOKXLzfOj0qlKYAddwlVOq6/mgXGQZQE2YbVzM.SOIrNvAmEvvqi', '0', 'eyJ0eXAiOiJKV1QiLCJhbGciOiJIUzUxMiJ9.eyJzdWIiOiJndXN3aGRkbGYxMUBnbWFpbC5jb20iLCJleHAiOjE2NDk4OTgyODcsImVtYWlsIjoiZ3Vzd2hkZGxmMTFAZ21haWwuY29tIn0.EPmu5RTG01GXNL4Iro4XUp5gOO5wV0rDciGF0gHwd29rGJvbb4FTy7yX2twr13sCZjZN-SjAJ7E4C_16LHnKWA', '0', b'0'),
	(99, b'1', '1995-01-28T00:00:00.000Z', 'khyunchoi1@gmail.com', 'MALE', 'https://lh3.googleusercontent.com/a-/AOh14Ggagk4xCizMgFXaW1jPYWrtrK8k-8dlPQA2ZABKfQ=s96-c', 'IT/인터넷', 'INTJ', '최강현', 'google', '$2a$10$IrtuyQ5YizusjKrH0pw5oe8It1fNGrHSSKTz/5VTAdk1NhtCugniK', '0', 'eyJ0eXAiOiJKV1QiLCJhbGciOiJIUzUxMiJ9.eyJzdWIiOiJraHl1bmNob2kxQGdtYWlsLmNvbSIsImV4cCI6MTY0OTkxODgwMiwiZW1haWwiOiJraHl1bmNob2kxQGdtYWlsLmNvbSJ9.u9RJCN8D7A-5NwY6e5-btuTacL0AID2Grd_O7X2QlDk0mvhULutIZEZiN5egxbc0d4lkHtkUhMhMOw2SgHgLsQ', '0', b'0'),
	(100, b'1', NULL, 'leejaehee0728@gmail.com', NULL, 'https://lh3.googleusercontent.com/a/AATXAJywEmMGgMuxukk2UsLW1oZlqMSviLKukibY_-VYcQ=s96-c', NULL, NULL, '이재희', 'google', '$2a$10$rBpJrsFvNKobRG5CMdMQo.kANwaB9jE99N8J7zgSTQC8F0A3I/chi', NULL, 'eyJ0eXAiOiJKV1QiLCJhbGciOiJIUzUxMiJ9.eyJzdWIiOiJsZWVqYWVoZWUwNzI4QGdtYWlsLmNvbSIsImV4cCI6MTY1MDE5Nzc0NywiZW1haWwiOiJsZWVqYWVoZWUwNzI4QGdtYWlsLmNvbSJ9.M5Hs8k4wqnYB8cbHYmJ8ZdveIJ1eFVuQKQsOKwS1WiHkiH_WOqT5LBz--aLSpDDgFLJYI72gYHPDnE8mz-2oTQ', '0', b'0'),
	(101, b'1', '1901-01-09T00:32:08.000Z', 'gusthd0104@gmail.com', 'MALE', 'https://lh3.googleusercontent.com/a-/AOh14GjoiUUBBaONIsPHrux79rPhMxHuQ46nY7FZSY4p=s96-c', '영업/고객상담', 'INTP', '김현송', 'google', '$2a$10$Y7eIrrNTQNXK0gZ4ZAx0IeXQzBs8/rLRDsbjjDfF7W9XHWt70VleW', '0', 'eyJ0eXAiOiJKV1QiLCJhbGciOiJIUzUxMiJ9.eyJzdWIiOiJndXN0aGQwMTA0QGdtYWlsLmNvbSIsImV4cCI6MTY0OTkzOTIwNSwiZW1haWwiOiJndXN0aGQwMTA0QGdtYWlsLmNvbSJ9.Ork5r6lZOXekHbeusQG2ylNgOhf8YLRa42QlIcNrNEwNSiZ-DhWUA2L49Ni7vMHKf71jrG9p5XTBoM0xI9LzgA', '0', b'0'),
	(102, b'1', NULL, 'onegison95@gmail.com', NULL, 'https://lh3.googleusercontent.com/a/AATXAJx0OBTtrZQzedqC2KrcvFVKeDZfrOBzKkxOQsiw=s96-c', NULL, NULL, 'hangi son', 'google', '$2a$10$pOoI9N7J3DYI/FeNx31RtOuFew9zV.FAGShInv1gH.XCwcfWfjM5W', NULL, 'eyJ0eXAiOiJKV1QiLCJhbGciOiJIUzUxMiJ9.eyJzdWIiOiJvbmVnaXNvbjk1QGdtYWlsLmNvbSIsImV4cCI6MTY0OTk0ODc0MCwiZW1haWwiOiJvbmVnaXNvbjk1QGdtYWlsLmNvbSJ9.fVNkaNpSGkBEDY25bWVJS1FwoofrLlPsPLfBrhQdTpYuKONiXD2XRriPyeO5HMRiazO05GzQcybaC0tQNptfxg', '0', b'0'),
	(103, b'1', NULL, 'seokworking1609@gmail.com', NULL, 'https://lh3.googleusercontent.com/a/AATXAJzENGcQsIfmePvP9otJ81EZ4MvQ56Hx2B2_uG70=s96-c', NULL, NULL, '김석원', 'google', '$2a$10$nQEJVDh0p5OOVF6d68cHduCZEl8CAsc5IfrnVlfvAxurwTrjSk4sy', NULL, 'eyJ0eXAiOiJKV1QiLCJhbGciOiJIUzUxMiJ9.eyJzdWIiOiJzZW9rd29ya2luZzE2MDlAZ21haWwuY29tIiwiZXhwIjoxNjQ5OTk3Njc3LCJlbWFpbCI6InNlb2t3b3JraW5nMTYwOUBnbWFpbC5jb20ifQ.xbj4eEDOa3xonK7OJJ0vOz2By0_oqtOAN3FK-M3RgwWacVA0WSV189ZgrNnDNTuD4Go29G51ORuO7U3QtjX-Kg', '0', b'0'),
	(104, b'1', NULL, 's30ngb1n@gmail.com', NULL, 'https://lh3.googleusercontent.com/a/AATXAJy2Cej2Bi_RF-1lpdlZtvIg8Ah0PyqzAw0Mspx8Jw=s96-c', NULL, NULL, '비니비니', 'google', '$2a$10$Bap1PSO/D8nFMHykXiuocebIH1r.1kwmkzYZIjGOGX5J2Yx.15/k.', NULL, 'eyJ0eXAiOiJKV1QiLCJhbGciOiJIUzUxMiJ9.eyJzdWIiOiJzMzBuZ2IxbkBnbWFpbC5jb20iLCJleHAiOjE2NTAwMDgwMjUsImVtYWlsIjoiczMwbmdiMW5AZ21haWwuY29tIn0.Wf5bS3zzwIA3RBuOrpIWZHrIneC6kpwFtmhyL21sk1JgZtKBmVB6yplCMFr5XLynv7l3uJNViF231UPHqSWdiw', '0', b'0'),
	(105, b'1', NULL, 'dksk1233@naver.com', NULL, NULL, NULL, NULL, '강병국', 'native', '$2a$10$eVtg80PrgkcBrk0W79RXP.KD8CuSFSVKtJRM4ev.n8JR2gHWPnPaS', NULL, 'eyJ0eXAiOiJKV1QiLCJhbGciOiJIUzUxMiJ9.eyJzdWIiOiJka3NrMTIzM0BuYXZlci5jb20iLCJleHAiOjE2NTAwOTIyOTIsImVtYWlsIjoiZGtzazEyMzNAbmF2ZXIuY29tIn0.YQmZYOrnKiZgJ8puFQgWMjAr5iPePWnKElzRSnTGW51CnJ68q7-cMAKN8ZhByRuZjAkrFZtVsYvF8DxvTQ2_gw', '0', b'0'),
	(106, b'1', NULL, 'ms001118@gmail.com', NULL, 'https://lh3.googleusercontent.com/a/AATXAJzMUb9LAtakpzFfBmZ-8CmWqaDrUIzTkilxPZwp=s96-c', NULL, NULL, 'something do', 'google', '$2a$10$Y5koa8DwS8AbKjAhsjzuYeCPBnC0Q4K4zGfJvZAiUloQUBmIABV8a', NULL, 'eyJ0eXAiOiJKV1QiLCJhbGciOiJIUzUxMiJ9.eyJzdWIiOiJtczAwMTExOEBnbWFpbC5jb20iLCJleHAiOjE2NTAyMDA4MjYsImVtYWlsIjoibXMwMDExMThAZ21haWwuY29tIn0.TyctW-0io_8QLXe6Kydyamg8EZOXfTU3fTVdbFxOA7N8GnNzPZStRHZ05fNNab5btR3YjobYz_p9y9s3y8gf_Q', '0', b'0'),
	(107, b'1', NULL, 'riming417@gmail.com', NULL, 'https://lh3.googleusercontent.com/a-/AOh14GiLqv5F_rNAD_nuw6xPgCFtzlVos5oAYWjuPz9y8g=s96-c', NULL, NULL, 'Urim Seo', 'google', '$2a$10$vrwH33TxT5goS.XFLNr/9.VxDIS6v8TMRB7K8qyGHX2S2Q3k85TIq', NULL, 'eyJ0eXAiOiJKV1QiLCJhbGciOiJIUzUxMiJ9.eyJzdWIiOiJyaW1pbmc0MTdAZ21haWwuY29tIiwiZXhwIjoxNjUwMjU0MTYxLCJlbWFpbCI6InJpbWluZzQxN0BnbWFpbC5jb20ifQ.71OeyGKugHkuC8fqXTRllvjSSXEezXOlJfFGlmG4EY3-tCOGCWqPLqMq0J14X1jXNCP1mBr4GI4ppX4Y7J83VQ', '0', b'0'),
	(108, b'1', '1994-11-09T15:00:00.000Z', 'wnsdud4197@kakao.com', 'MALE', '', 'IT/인터넷', 'ISFJ', '양준영', 'native', '$2a$10$rO7PpHBGU3YV.tZvb8.iwOYzR/L8RWcFf9KHtfWq0kZGDwngTF62C', '0', 'eyJ0eXAiOiJKV1QiLCJhbGciOiJIUzUxMiJ9.eyJzdWIiOiJ3bnNkdWQ0MTk3QGtha2FvLmNvbSIsImV4cCI6MTY1MDI1NDg3OSwiZW1haWwiOiJ3bnNkdWQ0MTk3QGtha2FvLmNvbSJ9.tyx9juz-KyzKvLiM_7YW_52lNzsJpuz20PDyIc_DVShDZyKTeHibfASW57lOLN9mIhtai4i3hoNQKbcxZfgRtg', '0', b'0'),
	(109, b'1', NULL, 'gudtjs0428@gmail.com', NULL, 'https://lh3.googleusercontent.com/a/AATXAJwrt4RXLNUxW_qgHK-JXxJJXKOGM712y6sX6K3L=s96-c', NULL, NULL, 'SSD', 'google', '$2a$10$PHzWY/ZD9ulAScu80/FQM.XTNKfaccgj9NosVJsSS.zNd6DtyfmvW', NULL, 'eyJ0eXAiOiJKV1QiLCJhbGciOiJIUzUxMiJ9.eyJzdWIiOiJndWR0anMwNDI4QGdtYWlsLmNvbSIsImV4cCI6MTY1MDI1NDk5MSwiZW1haWwiOiJndWR0anMwNDI4QGdtYWlsLmNvbSJ9.XRogC7OWp77rGBi8Tg3swyH65JHV17Gbx4-xXjPCZ91Tyb5m0nZTtmAqFZujCDq2vXvjlXd4tDXS1mMC-CgGOw', '0', b'0'),
	(110, b'1', NULL, 'seonbihanbin@gmail.com', NULL, 'https://lh3.googleusercontent.com/a-/AOh14GgGCct1BWTj4tA6NkY2r6iMhFPxBZ_yAwAlOIA_5w=s96-c', NULL, NULL, 'Hanbin Park', 'google', '$2a$10$8W79qOETxUWkz2fTCCRePuT/DWS/5coWIq2vtqpxIMpiHqyK6Yemi', NULL, 'eyJ0eXAiOiJKV1QiLCJhbGciOiJIUzUxMiJ9.eyJzdWIiOiJzZW9uYmloYW5iaW5AZ21haWwuY29tIiwiZXhwIjoxNjUwMjU1NjI2LCJlbWFpbCI6InNlb25iaWhhbmJpbkBnbWFpbC5jb20ifQ.Rq2IlyDyzprOEjz-aTdhMFzTTVHT-0k72Cd-7aa9vtc149kKdKtW41QUP7W5RmR6tsqYhwB5Zmpzta_sRqoURA', '0', b'0'),
	(111, b'1', NULL, 'woosteelz@gmail.com', NULL, 'https://lh3.googleusercontent.com/a/AATXAJzv0E2PljKZuIwsGo3-n-LSn1DZ1LNgG8G3kfJf=s96-c', NULL, NULL, '정우철', 'google', '$2a$10$aUnK8g4QP8vZkVDMsW7I9ODIfd38e7dmMF/evyiymEd9OLZ4Cfp4e', NULL, 'eyJ0eXAiOiJKV1QiLCJhbGciOiJIUzUxMiJ9.eyJzdWIiOiJ3b29zdGVlbHpAZ21haWwuY29tIiwiZXhwIjoxNjUwMjYxMTMyLCJlbWFpbCI6Indvb3N0ZWVsekBnbWFpbC5jb20ifQ.NpHmkjM8oMJK9Z70MWolchT5yMBgvQrRVVc_XW4ZiFU7Qk8L3YNWyZ40bvPUtA1NAWUuGyJF_67mCHYZP9Wf7Q', '0', b'0'),
	(112, b'1', NULL, 'hjthelegend@gmail.com', NULL, 'https://lh3.googleusercontent.com/a/AATXAJxQmRNrPsciwwfrIeZuM_lmy6q1jQcUC_C95Es4=s96-c', NULL, NULL, '김형준', 'google', '$2a$10$9e/UZGnOQOBdm0CrdRtOIeaUmSR/ZyKeIGk2fyNyPBxpOUyV05.82', NULL, 'eyJ0eXAiOiJKV1QiLCJhbGciOiJIUzUxMiJ9.eyJzdWIiOiJoanRoZWxlZ2VuZEBnbWFpbC5jb20iLCJleHAiOjE2NTAyOTE3NzcsImVtYWlsIjoiaGp0aGVsZWdlbmRAZ21haWwuY29tIn0.rKzgzdqafqr1hhky9UzncFCD2p4acNt_TzOnYSQkxJd3Z5u0DBo9mnW8oI8Jl7MdfPEuDtAAGPRZ1xjruFliOg', '0', b'0'),
	(113, b'1', NULL, 'alonemint@gmail.com', NULL, 'https://lh3.googleusercontent.com/a/AATXAJxhj5DgWIVqjAXq6gwiSSTtHEkmcMB7YkP25FgJ=s96-c', NULL, NULL, 'minsoo Kang', 'google', '$2a$10$/p5.nv9j.vxCIEic4Tqk.eM.Wr7K13BDzOUQ.Hc4JOeDAWS1Md2.u', NULL, 'eyJ0eXAiOiJKV1QiLCJhbGciOiJIUzUxMiJ9.eyJzdWIiOiJhbG9uZW1pbnRAZ21haWwuY29tIiwiZXhwIjoxNjUwMzI5NTk3LCJlbWFpbCI6ImFsb25lbWludEBnbWFpbC5jb20ifQ.wbWr25Qs8MzFSyYShNlE4Q1AfDUh1eYoWc_jXPDSGWKDUzcSxwf6oqIf8WtbKMkFfJx63XEWxEa9nkZT_a9q9Q', '0', b'0'),
	(114, b'1', '1997-04-08T04:09:32.000Z', 'aldlswjddma@naver.com', 'MALE', '', 'IT/인터넷', 'ISTJ', '이남수', 'native', '$2a$10$aqkWB2ez8xvat7twJZapWeCkheINPAFb1c2eHCabXSo5HdRbX.b.S', '0', 'eyJ0eXAiOiJKV1QiLCJhbGciOiJIUzUxMiJ9.eyJzdWIiOiJhbGRsc3dqZGRtYUBuYXZlci5jb20iLCJleHAiOjE2NTA1MTQwOTAsImVtYWlsIjoiYWxkbHN3amRkbWFAbmF2ZXIuY29tIn0.o4uVo0SePfNaTqbs51TcjsCjCRyfoLuxA5lOU9wii85eQ8AS_wMzoYVyqdjz4Y3WgnatdVF3KsfUdml7-YfLyw', '0', b'0'),
	(115, b'1', NULL, 'hanna033110@gmail.com', NULL, 'https://lh3.googleusercontent.com/a/AATXAJw93-m3N4-sHFLeuy53f35rfG91YTrR0GykwPbd=s96-c', NULL, NULL, '백한나', 'google', '$2a$10$taGLkOn2qtSlkxbRBWJ7fek7g0WkZa5Yj/EHiVEhMIian347ZPKci', NULL, 'eyJ0eXAiOiJKV1QiLCJhbGciOiJIUzUxMiJ9.eyJzdWIiOiJoYW5uYTAzMzExMEBnbWFpbC5jb20iLCJleHAiOjE2NTA0MTc0NTIsImVtYWlsIjoiaGFubmEwMzMxMTBAZ21haWwuY29tIn0.RUYgkW9lp7W_IuIxuPEq_8XSTZL0aLG7FIUfpHI_DFCJ5aN06G87owp_RdOPOVNuWU6cY1kAUsXxmSnB4GqlyQ', '0', b'0'),
	(116, b'1', NULL, 'p96jkx@gmail.com', NULL, 'https://lh3.googleusercontent.com/a/AATXAJw_5kkrm_UsYcIkVbRxu02KpCNbJDaRkEm1pAzJ=s96-c', NULL, NULL, '김민근', 'google', '$2a$10$JxSZygZ7UlP0EJXB6fxlZO4lVMMQarkUG5kn3dAUTX/G/zkiyfx.m', NULL, 'eyJ0eXAiOiJKV1QiLCJhbGciOiJIUzUxMiJ9.eyJzdWIiOiJwOTZqa3hAZ21haWwuY29tIiwiZXhwIjoxNjUwNDE3NDYwLCJlbWFpbCI6InA5NmpreEBnbWFpbC5jb20ifQ.UjCGzPn9jME5pyPIZkfFL67jhYUogOOpIfYgR-FR8YGD03bN9RmZM29-9atQikT9yn-Jc-Xdl2q16bARPsVssw', '0', b'0'),
	(117, b'1', NULL, 'wih6461@gmail.com', NULL, 'https://lh3.googleusercontent.com/a-/AOh14GggtA3NFPJFuUEK9kwASZ4YNk5pKLyd4xvB8FZB8Q=s96-c', NULL, NULL, '우인하', 'google', '$2a$10$pTjIiVJQReBmz7sCQnpIz.NaYG6Ih6aNUk5N2UWGoPCCNGVejsVL.', NULL, 'eyJ0eXAiOiJKV1QiLCJhbGciOiJIUzUxMiJ9.eyJzdWIiOiJ3aWg2NDYxQGdtYWlsLmNvbSIsImV4cCI6MTY1MDQxNzQ2MiwiZW1haWwiOiJ3aWg2NDYxQGdtYWlsLmNvbSJ9.R7jbSAl6ShjqIupv-6XQ9flQ2XqANnjRPA3bLveciMFtXnb0J2km24ro6nIYRyPJLBiKWlZB8JDoCK3Yc8wR_g', '0', b'0'),
	(118, b'1', NULL, 'eona1301@gmail.com', NULL, 'https://lh3.googleusercontent.com/a-/AOh14GjzAEwrgGKn1j1GF09DxsOklNduQ0R_Tya_KJhP=s96-c', NULL, NULL, '당현아', 'google', '$2a$10$wZnTgLfMUgB0C3dZLQfMDuDkokcstVDPij/XBK7pTDNAi3CdAGKqC', NULL, 'eyJ0eXAiOiJKV1QiLCJhbGciOiJIUzUxMiJ9.eyJzdWIiOiJlb25hMTMwMUBnbWFpbC5jb20iLCJleHAiOjE2NTA0MTgwNzksImVtYWlsIjoiZW9uYTEzMDFAZ21haWwuY29tIn0.xY0s28twSIpAHtfo__kIvWGMCExEVvVyTD7MX_K7OcDXdsfWxOeip5MCdUmnNPqmYKg7f_N99A-ZfUs2EPUXAQ', '0', b'0'),
	(119, b'1', NULL, 'tjcksghwkd@gmail.com', NULL, 'https://lh3.googleusercontent.com/a/AATXAJwXOqy6oIht_c_gbgAfMCV5GMvY_BWhz2qTo0iG=s96-c', NULL, NULL, '서찬호', 'google', '$2a$10$QgNgLjJHAARzOYwOtZYrM.pNRwMKisvZfIRXG3gCTDQjviIsbrHnu', NULL, 'eyJ0eXAiOiJKV1QiLCJhbGciOiJIUzUxMiJ9.eyJzdWIiOiJ0amNrc2dod2tkQGdtYWlsLmNvbSIsImV4cCI6MTY1MDQzMDM0MiwiZW1haWwiOiJ0amNrc2dod2tkQGdtYWlsLmNvbSJ9.Y2mt5Dgjv43FvWIb1EtlikiKtwe-Shd5CGbH9b_1ouz8FWrhrm94B1piAxGQKgkUY1rCNoPjMgQXqIPma4BdOw', '0', b'0'),
	(120, b'1', NULL, 'eric@hphk.kr', NULL, NULL, NULL, NULL, '이빵글', 'native', '$2a$10$pBJZbO09f7GxvptMs/fjuOyyGSXmwJ0GaugUaCfuOEO0V4IQO6dMa', NULL, 'eyJ0eXAiOiJKV1QiLCJhbGciOiJIUzUxMiJ9.eyJzdWIiOiJlcmljQGhwaGsua3IiLCJleHAiOjE2NTA0NjU4MDEsImVtYWlsIjoiZXJpY0BocGhrLmtyIn0.0Y9uibxsFHUyS4tlCEmBfhl6rLgvn9nX51xzXbTWuYjpap526EDZPl2t3QiXPfd-ZK77QXahBvgkOI-lAc7b7A', '0', b'0'),
	(121, b'1', NULL, 'web.1000c@gmail.com', NULL, 'https://lh3.googleusercontent.com/a/AATXAJz5OrIPG1cxte0VSdnNzmNpGTaul2I7uKp0V48m=s96-c', NULL, NULL, 'minu 1000', 'google', '$2a$10$bmDHcpUdFZoJ/ei894uBBeGy1RZzNrJ/0nCtVvrJRyvQMM2l5.KG2', NULL, 'eyJ0eXAiOiJKV1QiLCJhbGciOiJIUzUxMiJ9.eyJzdWIiOiJ3ZWIuMTAwMGNAZ21haWwuY29tIiwiZXhwIjoxNjUwNTA0NjA5LCJlbWFpbCI6IndlYi4xMDAwY0BnbWFpbC5jb20ifQ.emahlIareUzMUVFIn_B3ZtS2W__623xQucgDWAbHr8P8nZhU5IfTcHuRvVqKy9G3Rd27XCt3t8kaeIkKeK5NeA', '0', b'0'),
	(122, b'1', NULL, 'winckey3@gmail.com', NULL, 'https://lh3.googleusercontent.com/a/AATXAJyjYH1lGNdPUvD10r4RbigOwpT74QOeoyyLQhfg=s96-c', NULL, NULL, '장현진', 'google', '$2a$10$D0S9HYfZeJZv8sytRDYeWugBDKM4nr9eopw7AIoIpj5B2lsK2n9A.', NULL, 'eyJ0eXAiOiJKV1QiLCJhbGciOiJIUzUxMiJ9.eyJzdWIiOiJ3aW5ja2V5M0BnbWFpbC5jb20iLCJleHAiOjE2NTA1MTYyNTgsImVtYWlsIjoid2luY2tleTNAZ21haWwuY29tIn0.yqEtSRmQQDHJUGUI0pECrraFcrXtT3c4QAs_cfI1BrZMSbZ0fuHaE2UW4WIIX4YivJCxXwB5gu-WAuX28FXXiA', '0', b'0'),
	(123, b'1', NULL, 'sowonwow2@gmail.com', NULL, 'https://lh3.googleusercontent.com/a/AATXAJxc-AuJT7glZMNWJWq8NOb3ALHxN1qrCQI6DbNi=s96-c', NULL, NULL, '최소원', 'google', '$2a$10$qZjaOMD2FTdzY2h59BJfX.o.G/8ctPwiRMBjUuLcUOGrWdyM19ipe', NULL, 'eyJ0eXAiOiJKV1QiLCJhbGciOiJIUzUxMiJ9.eyJzdWIiOiJzb3dvbndvdzJAZ21haWwuY29tIiwiZXhwIjoxNjUwNTE4NjE3LCJlbWFpbCI6InNvd29ud293MkBnbWFpbC5jb20ifQ.XhS1BKZhxMtwcwGZ6xWQeBO3JK9WoYjcouYc_MiWps72n8-5q_U8kGo2leaLcjsYcvIR8LGqwK8EIJAwwN_fRQ', '0', b'0'),
	(124, b'1', NULL, 'jongs0206@gmail.com', NULL, 'https://lh3.googleusercontent.com/a/AATXAJx7VwW31CbzybEknlP0yL8LyCvEUqzFLFo3jVk89Q=s96-c', NULL, NULL, '정종우', 'google', '$2a$10$A7tghvd1xc1zi.c0CwiW2ejMTyVMmkl.D/k8Ue9o.YaLhe7I7odAu', NULL, 'eyJ0eXAiOiJKV1QiLCJhbGciOiJIUzUxMiJ9.eyJzdWIiOiJqb25nczAyMDZAZ21haWwuY29tIiwiZXhwIjoxNjUwNTIwMjI1LCJlbWFpbCI6ImpvbmdzMDIwNkBnbWFpbC5jb20ifQ.sOXYHz2nT59g13S2p7WHFbAroMA6qLo5VrgePQ-WEiwYBDgbOiFChV7bopRciT2AYP9JCv-bRKaVlbvrm8Jgjg', '0', b'0');
/*!40000 ALTER TABLE `user` ENABLE KEYS */;

-- 테이블 docong_test_v3.user_todo 구조 내보내기
CREATE TABLE IF NOT EXISTS `user_todo` (
  `seq` bigint(20) NOT NULL,
  `created_date` datetime DEFAULT NULL,
  `modified_date` datetime DEFAULT NULL,
  `todo_seq` bigint(20) DEFAULT NULL,
  `user_seq` bigint(20) DEFAULT NULL,
  PRIMARY KEY (`seq`),
  KEY `FKy6i0g998dn7okgbhm742hdu2` (`todo_seq`),
  KEY `FK8cbpk7pf5bmh88ca9b625st5e` (`user_seq`),
  CONSTRAINT `FK8cbpk7pf5bmh88ca9b625st5e` FOREIGN KEY (`user_seq`) REFERENCES `user` (`seq`),
  CONSTRAINT `FKy6i0g998dn7okgbhm742hdu2` FOREIGN KEY (`todo_seq`) REFERENCES `todo` (`seq`)
) ENGINE=InnoDB DEFAULT CHARSET=utf8mb4;

-- 테이블 데이터 docong_test_v3.user_todo:~177 rows (대략적) 내보내기
/*!40000 ALTER TABLE `user_todo` DISABLE KEYS */;
INSERT INTO `user_todo` (`seq`, `created_date`, `modified_date`, `todo_seq`, `user_seq`) VALUES
	(2, '2022-03-29 05:10:00', '2022-03-29 05:10:00', 1, 1),
	(4, '2022-03-29 05:12:16', '2022-03-29 05:12:16', 3, 5),
	(6, '2022-03-29 05:14:30', '2022-03-29 05:14:30', 5, 2),
	(8, '2022-03-29 05:21:40', '2022-03-29 05:21:40', 7, 6),
	(10, '2022-03-29 05:22:50', '2022-03-29 05:22:50', 9, 12),
	(12, '2022-03-29 05:23:06', '2022-03-29 05:23:06', 11, 14),
	(14, '2022-03-29 05:25:09', '2022-03-29 05:25:09', 13, 17),
	(16, '2022-03-29 05:25:43', '2022-03-29 05:25:43', 15, 11),
	(18, '2022-03-29 05:28:23', '2022-03-29 05:28:23', 17, 19),
	(20, '2022-03-29 05:33:18', '2022-03-29 05:33:18', 19, 8),
	(22, '2022-03-29 05:36:15', '2022-03-29 05:36:15', 21, 24),
	(24, '2022-03-29 05:39:22', '2022-03-29 05:39:22', 23, 28),
	(26, '2022-03-29 05:39:56', '2022-03-29 05:39:56', 25, 28),
	(28, '2022-03-29 05:40:04', '2022-03-29 05:40:04', 27, 33),
	(30, '2022-03-29 05:40:17', '2022-03-29 05:40:17', 29, 32),
	(32, '2022-03-29 05:40:19', '2022-03-29 05:40:19', 31, 36),
	(34, '2022-03-29 05:41:54', '2022-03-29 05:41:54', 33, 25),
	(36, '2022-03-29 05:44:26', '2022-03-29 05:44:26', 35, 33),
	(38, '2022-03-29 05:45:37', '2022-03-29 05:45:37', 37, 42),
	(40, '2022-03-29 05:46:54', '2022-03-29 05:46:54', 39, 19),
	(42, '2022-03-29 05:47:11', '2022-03-29 05:47:11', 41, 19),
	(44, '2022-03-29 05:47:16', '2022-03-29 05:47:16', 43, 19),
	(46, '2022-03-29 05:47:46', '2022-03-29 05:47:46', 45, 19),
	(48, '2022-03-29 05:48:59', '2022-03-29 05:48:59', 47, 44),
	(51, '2022-03-29 05:59:59', '2022-03-29 05:59:59', 50, 48),
	(57, '2022-03-29 06:13:57', '2022-03-29 06:13:57', 56, 6),
	(63, '2022-03-29 06:24:27', '2022-03-29 06:24:27', 62, 54),
	(65, '2022-03-29 06:25:38', '2022-03-29 06:25:38', 64, 54),
	(67, '2022-03-29 06:27:00', '2022-03-29 06:27:00', 66, 57),
	(69, '2022-03-29 06:27:21', '2022-03-29 06:27:21', 68, 57),
	(72, '2022-03-29 06:33:37', '2022-03-29 06:33:37', 71, 53),
	(74, '2022-03-29 06:38:06', '2022-03-29 06:38:06', 73, 46),
	(76, '2022-03-29 06:38:34', '2022-03-29 06:38:34', 75, 59),
	(78, '2022-03-29 06:42:12', '2022-03-29 06:42:12', 77, 60),
	(83, '2022-03-29 06:54:18', '2022-03-29 06:54:18', 82, 64),
	(85, '2022-03-29 06:55:16', '2022-03-29 06:55:16', 84, 69),
	(88, '2022-03-29 06:55:59', '2022-03-29 06:55:59', 87, 64),
	(90, '2022-03-29 06:56:10', '2022-03-29 06:56:10', 89, 64),
	(92, '2022-03-29 06:56:23', '2022-03-29 06:56:23', 91, 64),
	(94, '2022-03-29 06:57:14', '2022-03-29 06:57:14', 93, 70),
	(96, '2022-03-29 06:57:39', '2022-03-29 06:57:39', 95, 67),
	(99, '2022-03-29 06:58:51', '2022-03-29 06:58:51', 98, 67),
	(104, '2022-03-29 07:15:00', '2022-03-29 07:15:00', 103, 71),
	(109, '2022-03-29 07:24:44', '2022-03-29 07:24:44', 108, 74),
	(112, '2022-03-29 07:26:25', '2022-03-29 07:26:25', 111, 26),
	(120, '2022-03-29 07:49:35', '2022-03-29 07:49:35', 119, 79),
	(122, '2022-03-29 07:50:05', '2022-03-29 07:50:05', 121, 78),
	(132, '2022-03-29 08:16:20', '2022-03-29 08:16:20', 131, 34),
	(135, '2022-03-29 08:28:13', '2022-03-29 08:28:13', 134, 62),
	(148, '2022-03-29 10:03:49', '2022-03-29 10:03:49', 147, 83),
	(151, '2022-03-29 10:53:44', '2022-03-29 10:53:44', 150, 8),
	(154, '2022-03-29 11:17:33', '2022-03-29 11:17:33', 153, 4),
	(156, '2022-03-29 11:59:53', '2022-03-29 11:59:53', 155, 7),
	(160, '2022-03-29 12:25:50', '2022-03-29 12:25:50', 159, 7),
	(162, '2022-03-29 12:35:05', '2022-03-29 12:35:05', 161, 88),
	(166, '2022-03-29 13:02:41', '2022-03-29 13:02:41', 165, 89),
	(170, '2022-03-29 13:43:34', '2022-03-29 13:43:34', 169, 2),
	(172, '2022-03-29 13:43:34', '2022-03-29 13:43:34', 171, 2),
	(177, '2022-03-29 14:10:46', '2022-03-29 14:10:46', 176, 90),
	(182, '2022-03-29 14:34:51', '2022-03-29 14:34:51', 181, 91),
	(186, '2022-03-29 15:17:13', '2022-03-29 15:17:13', 185, 1),
	(189, '2022-03-29 15:18:22', '2022-03-29 15:18:22', 188, 2),
	(191, '2022-03-29 15:20:56', '2022-03-29 15:20:56', 190, 24),
	(196, '2022-03-29 15:39:46', '2022-03-29 15:39:46', 195, 4),
	(199, '2022-03-29 15:48:02', '2022-03-29 15:48:02', 198, 4),
	(201, '2022-03-29 15:48:24', '2022-03-29 15:48:24', 200, 4),
	(221, '2022-03-30 00:13:32', '2022-03-30 00:13:32', 220, 8),
	(223, '2022-03-30 00:13:57', '2022-03-30 00:13:57', 222, 8),
	(225, '2022-03-30 00:14:49', '2022-03-30 00:14:49', 224, 8),
	(227, '2022-03-30 00:16:25', '2022-03-30 00:16:25', 226, 25),
	(234, '2022-03-30 02:08:12', '2022-03-30 02:08:12', 233, 67),
	(244, '2022-03-30 03:15:51', '2022-03-30 03:15:51', 243, 1),
	(253, '2022-03-30 04:39:05', '2022-03-30 04:39:05', 252, 7),
	(255, '2022-03-30 04:43:05', '2022-03-30 04:43:05', 254, 8),
	(257, '2022-03-30 04:43:50', '2022-03-30 04:43:50', 256, 8),
	(259, '2022-03-30 04:45:26', '2022-03-30 04:45:26', 258, 8),
	(261, '2022-03-30 04:46:54', '2022-03-30 04:46:54', 260, 8),
	(264, '2022-03-30 04:47:34', '2022-03-30 04:47:34', 263, 8),
	(268, '2022-03-30 05:06:01', '2022-03-30 05:06:01', 267, 94),
	(271, '2022-03-30 05:14:39', '2022-03-30 05:14:39', 270, 95),
	(274, '2022-03-30 05:27:23', '2022-03-30 05:27:23', 273, 28),
	(281, '2022-03-30 05:47:18', '2022-03-30 05:47:18', 280, 24),
	(285, '2022-03-30 05:57:21', '2022-03-30 05:57:21', 284, 29),
	(305, '2022-03-30 07:35:11', '2022-03-30 07:35:11', 304, 2),
	(307, '2022-03-30 07:37:44', '2022-03-30 07:37:44', 306, 2),
	(310, '2022-03-30 07:49:21', '2022-03-30 07:49:21', 309, 91),
	(324, '2022-03-30 09:38:32', '2022-03-30 09:38:32', 323, 93),
	(328, '2022-03-30 09:55:59', '2022-03-30 09:55:59', 327, 7),
	(331, '2022-03-30 10:26:35', '2022-03-30 10:26:35', 330, 95),
	(335, '2022-03-30 11:08:42', '2022-03-30 11:08:42', 334, 28),
	(342, '2022-03-30 12:28:00', '2022-03-30 12:28:00', 341, 2),
	(344, '2022-03-30 12:28:05', '2022-03-30 12:28:05', 343, 2),
	(346, '2022-03-30 12:28:11', '2022-03-30 12:28:11', 345, 2),
	(348, '2022-03-30 12:28:15', '2022-03-30 12:28:15', 347, 2),
	(350, '2022-03-30 12:28:20', '2022-03-30 12:28:20', 349, 2),
	(352, '2022-03-30 12:37:03', '2022-03-30 12:37:03', 351, 2),
	(363, '2022-03-30 14:19:03', '2022-03-30 14:19:03', 362, 7),
	(365, '2022-03-30 14:37:04', '2022-03-30 14:37:04', 364, 2),
	(368, '2022-03-30 15:03:20', '2022-03-30 15:03:20', 367, 2),
	(373, '2022-03-30 15:31:11', '2022-03-30 15:31:11', 372, 25),
	(379, '2022-03-30 16:35:51', '2022-03-30 16:35:51', 378, 4),
	(381, '2022-03-30 16:45:24', '2022-03-30 16:45:24', 380, 4),
	(383, '2022-03-30 16:46:00', '2022-03-30 16:46:00', 382, 4),
	(395, '2022-03-31 01:05:08', '2022-03-31 01:05:08', 394, 98),
	(398, '2022-03-31 01:22:42', '2022-03-31 01:22:42', 397, 99),
	(411, '2022-03-31 05:51:31', '2022-03-31 05:51:31', 410, 68),
	(422, '2022-03-31 08:57:21', '2022-03-31 08:57:21', 421, 25),
	(425, '2022-03-31 09:29:12', '2022-03-31 09:29:12', 424, 100),
	(435, '2022-03-31 12:27:21', '2022-03-31 12:27:21', 434, 24),
	(437, '2022-03-31 12:28:53', '2022-03-31 12:28:53', 436, 101),
	(459, '2022-04-01 01:54:28', '2022-04-01 01:54:28', 458, 25),
	(469, '2022-04-01 05:50:42', '2022-04-01 05:50:42', 468, 28),
	(493, '2022-04-01 13:08:02', '2022-04-01 13:08:02', 492, 25),
	(520, '2022-04-02 11:10:08', '2022-04-02 11:10:08', 519, 2),
	(526, '2022-04-02 12:49:44', '2022-04-02 12:49:44', 525, 25),
	(528, '2022-04-02 12:52:37', '2022-04-02 12:52:37', 527, 2),
	(530, '2022-04-02 12:55:27', '2022-04-02 12:55:27', 529, 2),
	(532, '2022-04-02 22:24:56', '2022-04-02 22:24:56', 531, 2),
	(536, '2022-04-02 13:48:34', '2022-04-02 13:48:34', 535, 2),
	(544, '2022-04-02 16:24:50', '2022-04-02 16:24:50', 543, 2),
	(546, '2022-04-02 16:26:33', '2022-04-02 16:26:33', 545, 2),
	(548, '2022-04-02 16:27:11', '2022-04-02 16:27:11', 547, 2),
	(550, '2022-04-02 16:27:16', '2022-04-02 16:27:16', 549, 2),
	(555, '2022-04-03 03:54:05', '2022-04-03 03:54:05', 554, 2),
	(560, '2022-04-03 06:07:09', '2022-04-03 06:07:09', 559, 4),
	(573, '2022-04-03 10:26:31', '2022-04-03 10:26:31', 572, 25),
	(578, '2022-04-03 12:21:08', '2022-04-03 12:21:08', 577, 2),
	(581, '2022-04-03 12:36:53', '2022-04-03 12:36:53', 580, 2),
	(583, '2022-04-03 12:41:34', '2022-04-03 12:41:34', 582, 96),
	(586, '2022-04-03 13:01:36', '2022-04-03 13:01:36', 585, 7),
	(588, '2022-04-03 13:22:00', '2022-04-03 13:22:00', 587, 2),
	(594, '2022-04-03 23:29:25', '2022-04-03 23:29:25', 593, 2),
	(596, '2022-04-03 14:44:41', '2022-04-03 14:44:41', 595, 4),
	(599, '2022-04-04 00:15:16', '2022-04-04 00:15:16', 598, 2),
	(601, '2022-04-04 00:15:42', '2022-04-04 00:15:42', 600, 2),
	(611, '2022-04-03 18:22:20', '2022-04-03 18:22:20', 610, 4),
	(615, '2022-04-03 19:23:03', '2022-04-03 19:23:03', 614, 4),
	(618, '2022-04-04 00:53:32', '2022-04-04 00:53:32', 617, 1),
	(620, '2022-04-04 00:53:54', '2022-04-04 00:53:54', 619, 1),
	(622, '2022-04-04 00:54:24', '2022-04-04 00:54:24', 621, 1),
	(625, '2022-04-04 04:18:02', '2022-04-04 04:18:02', 624, 7),
	(634, '2022-04-04 05:28:46', '2022-04-04 05:28:46', 633, 1),
	(636, '2022-04-04 05:34:08', '2022-04-04 05:34:08', 635, 7),
	(646, '2022-04-04 09:00:19', '2022-04-04 09:00:19', 645, 7),
	(648, '2022-04-04 09:01:28', '2022-04-04 09:01:28', 647, 7),
	(650, '2022-04-04 09:01:46', '2022-04-04 09:01:46', 649, 7),
	(655, '2022-04-04 20:00:21', '2022-04-04 20:00:21', 654, 2),
	(657, '2022-04-04 20:00:40', '2022-04-04 20:00:40', 656, 2),
	(662, '2022-04-04 21:28:16', '2022-04-04 21:28:16', 661, 2),
	(664, '2022-04-04 21:28:28', '2022-04-04 21:28:28', 663, 2),
	(666, '2022-04-04 21:28:34', '2022-04-04 21:28:34', 665, 2),
	(670, '2022-04-04 13:46:44', '2022-04-04 13:46:44', 669, 2),
	(676, '2022-04-04 15:05:43', '2022-04-04 15:05:43', 675, 7),
	(678, '2022-04-04 15:06:06', '2022-04-04 15:06:06', 677, 7),
	(680, '2022-04-04 15:06:48', '2022-04-04 15:06:48', 679, 2),
	(687, '2022-04-04 16:22:26', '2022-04-04 16:22:26', 686, 4),
	(698, '2022-04-04 18:30:28', '2022-04-04 18:30:28', 697, 4),
	(701, '2022-04-05 00:29:08', '2022-04-05 00:29:08', 700, 8),
	(703, '2022-04-05 00:30:30', '2022-04-05 00:30:30', 702, 8),
	(711, '2022-04-05 04:23:03', '2022-04-05 04:23:03', 710, 1),
	(713, '2022-04-05 04:35:42', '2022-04-05 04:35:42', 712, 6),
	(723, '2022-04-05 05:40:38', '2022-04-07 03:49:50', 722, 7),
	(741, '2022-04-05 08:02:24', '2022-04-05 08:02:24', 740, 28),
	(748, '2022-04-05 09:21:05', '2022-04-05 09:21:05', 747, 7),
	(752, '2022-04-05 10:22:05', '2022-04-05 10:22:05', 751, 2),
	(765, '2022-04-05 11:03:52', '2022-04-05 11:03:52', 764, 2),
	(784, '2022-04-05 11:59:33', '2022-04-05 11:59:33', 783, 2),
	(786, '2022-04-05 12:01:50', '2022-04-05 12:01:50', 785, 2),
	(792, '2022-04-05 12:43:34', '2022-04-05 12:43:34', 791, 4),
	(795, '2022-04-05 12:46:12', '2022-04-05 12:46:12', 794, 4),
	(805, '2022-04-05 14:04:13', '2022-04-05 14:04:13', 804, 2),
	(811, '2022-04-05 14:52:09', '2022-04-05 14:52:09', 810, 28),
	(816, '2022-04-05 15:12:39', '2022-04-05 15:12:39', 815, 4),
	(818, '2022-04-05 15:12:40', '2022-04-05 15:12:40', 817, 2),
	(825, '2022-04-05 16:04:59', '2022-04-05 16:04:59', 824, 114),
	(827, '2022-04-05 16:06:10', '2022-04-05 16:06:10', 826, 7),
	(843, '2022-04-06 01:23:01', '2022-04-06 01:23:01', 842, 2),
	(850, '2022-04-06 02:56:53', '2022-04-06 02:56:53', 849, 96),
	(852, '2022-04-06 03:01:00', '2022-04-06 03:01:00', 851, 96),
	(854, '2022-04-06 03:01:17', '2022-04-06 03:01:17', 853, 96),
	(856, '2022-04-06 03:01:28', '2022-04-06 03:01:28', 855, 96),
	(859, '2022-04-06 03:04:37', '2022-04-06 03:04:37', 858, 96),
	(861, '2022-04-06 03:04:41', '2022-04-06 03:04:41', 860, 96),
	(863, '2022-04-06 03:05:01', '2022-04-06 03:05:01', 862, 96),
	(865, '2022-04-06 03:05:17', '2022-04-06 03:05:17', 864, 96),
	(867, '2022-04-06 03:05:49', '2022-04-06 03:05:49', 866, 96),
	(869, '2022-04-06 03:06:00', '2022-04-06 03:06:00', 868, 96),
	(873, '2022-04-06 04:04:41', '2022-04-06 04:04:41', 872, 4),
	(875, '2022-04-06 04:21:37', '2022-04-07 03:58:33', 874, 8),
	(877, '2022-04-06 04:24:06', '2022-04-06 04:24:06', 876, 28),
	(884, '2022-04-06 06:50:28', '2022-04-06 06:50:28', 883, 1),
	(886, '2022-04-06 06:55:00', '2022-04-06 06:55:00', 885, 2),
	(899, '2022-04-06 09:25:01', '2022-04-06 09:25:01', 898, 24),
	(908, '2022-04-06 12:17:21', '2022-04-06 12:17:21', 907, 1),
	(910, '2022-04-06 12:18:31', '2022-04-06 12:18:31', 909, 2),
	(928, '2022-04-06 22:02:19', '2022-04-06 22:02:19', 927, 4),
	(930, '2022-04-07 01:28:40', '2022-04-07 01:28:40', 929, 7),
	(933, '2022-04-07 02:33:33', '2022-04-07 02:33:33', 932, 7),
	(935, '2022-04-07 05:02:16', '2022-04-07 05:02:16', 934, 2),
	(937, '2022-04-07 05:02:29', '2022-04-07 05:02:29', 936, 4),
	(939, '2022-04-07 05:07:15', '2022-04-07 05:07:15', 938, 7),
	(941, '2022-04-07 05:07:40', '2022-04-07 05:07:40', 940, 7),
	(943, '2022-04-07 05:17:03', '2022-04-07 05:17:03', 942, 7),
	(946, '2022-04-07 05:21:54', '2022-04-07 05:21:54', 945, 4),
	(948, '2022-04-07 05:22:41', '2022-04-07 05:22:41', 947, 7);
/*!40000 ALTER TABLE `user_todo` ENABLE KEYS */;

/*!40101 SET SQL_MODE=IFNULL(@OLD_SQL_MODE, '') */;
/*!40014 SET FOREIGN_KEY_CHECKS=IFNULL(@OLD_FOREIGN_KEY_CHECKS, 1) */;
/*!40101 SET CHARACTER_SET_CLIENT=@OLD_CHARACTER_SET_CLIENT */;
/*!40111 SET SQL_NOTES=IFNULL(@OLD_SQL_NOTES, 1) */;
